ISO-10303-21;
HEADER;

/* File generated by Shapr3D Version 26.113.11178.0 */

FILE_DESCRIPTION(('HOOPS Exchange Step'),'2;1');

FILE_NAME('C:\\Users\\mrkar\\AppData\\Local\\Packages\\Shapr3D.Shapr3D_dvv5p1vgwv6mp\\TempState\\export\\temp_export',
'2026-07-06T10:48:59+02:00',
('mrkar'),
('Shapr3D Limited'),
'HOOPS Exchange 2026.3',
'Shapr3D',
'Authorized');

FILE_SCHEMA( ('AP242_MANAGED_MODEL_BASED_3D_ENGINEERING_MIM_LF {1 0 10303 442 1 1 4}') );

ENDSEC;

DATA;
#3=(NAMED_UNIT(*)PLANE_ANGLE_UNIT()SI_UNIT($,.RADIAN.));
#4=PLANE_ANGLE_MEASURE_WITH_UNIT(PLANE_ANGLE_MEASURE(0.0174532925),#3);
#5=(CONVERSION_BASED_UNIT('DEGREE',#4)NAMED_UNIT(#6)PLANE_ANGLE_UNIT());
#6=DIMENSIONAL_EXPONENTS(0.,0.,0.,0.,0.,0.,0.);
#7=(NAMED_UNIT(*)SI_UNIT($,.STERADIAN.)SOLID_ANGLE_UNIT());
#8=(LENGTH_UNIT()NAMED_UNIT(*)SI_UNIT(.MILLI.,.METRE.));
#9=UNCERTAINTY_MEASURE_WITH_UNIT(LENGTH_MEASURE(1.000000E-05),#8,'DISTANCE_ACCURACY_VALUE','Maximum Tolerance applied to model');
#10=(GEOMETRIC_REPRESENTATION_CONTEXT(3)GLOBAL_UNCERTAINTY_ASSIGNED_CONTEXT((#9))GLOBAL_UNIT_ASSIGNED_CONTEXT((#8,#5,#7))REPRESENTATION_CONTEXT('','root'));
#12=CARTESIAN_POINT('',(0.,0.,0.));
#13=DIRECTION('',(0.,0.,1.));
#14=DIRECTION('',(1.,0.,0.));
#15=AXIS2_PLACEMENT_3D('',#12,#13,#14);
#27=CARTESIAN_POINT('',(799.95,98.8,-1.));
#28=DIRECTION('',(-1.,0.,-0.));
#29=DIRECTION('',(-0.,0.,1.));
#30=AXIS2_PLACEMENT_3D('',#27,#28,#29);
#31=PLANE('',#30);
#32=CARTESIAN_POINT('',(799.95,63.3,-1.));
#33=VERTEX_POINT('',#32);
#34=CARTESIAN_POINT('',(799.95,134.3,-1.));
#35=VERTEX_POINT('',#34);
#36=CARTESIAN_POINT('',(799.95,63.3,-1.));
#37=DIRECTION('',(0.,1.,0.));
#38=VECTOR('',#37,71.);
#39=LINE('',#36,#38);
#40=EDGE_CURVE('',#33,#35,#39,.T.);
#41=ORIENTED_EDGE('',*,*,#40,.T.);
#42=CARTESIAN_POINT('',(799.95,134.3,-3.));
#43=VERTEX_POINT('',#42);
#44=CARTESIAN_POINT('',(799.95,134.3,-1.));
#45=DIRECTION('',(0.,0.,-1.));
#46=VECTOR('',#45,2.);
#47=LINE('',#44,#46);
#48=EDGE_CURVE('',#35,#43,#47,.T.);
#49=ORIENTED_EDGE('',*,*,#48,.T.);
#50=CARTESIAN_POINT('',(799.95,63.3,-3.));
#51=VERTEX_POINT('',#50);
#52=CARTESIAN_POINT('',(799.95,63.3,-3.));
#53=DIRECTION('',(0.,1.,0.));
#54=VECTOR('',#53,71.);
#55=LINE('',#52,#54);
#56=EDGE_CURVE('',#51,#43,#55,.T.);
#57=ORIENTED_EDGE('',*,*,#56,.F.);
#58=CARTESIAN_POINT('',(799.95,63.3,-3.));
#59=DIRECTION('',(-0.,0.,1.));
#60=VECTOR('',#59,2.);
#61=LINE('',#58,#60);
#62=EDGE_CURVE('',#51,#33,#61,.T.);
#63=ORIENTED_EDGE('',*,*,#62,.T.);
#64=EDGE_LOOP('',(#41,#49,#57,#63));
#65=FACE_BOUND('',#64,.T.);
#66=ADVANCED_FACE('',(#65),#31,.T.);
#67=CARTESIAN_POINT('',(839.9,60.8,-1.));
#68=DIRECTION('',(0.,-1.,0.));
#69=DIRECTION('',(-0.,0.,1.));
#70=AXIS2_PLACEMENT_3D('',#67,#68,#69);
#71=PLANE('',#70);
#72=CARTESIAN_POINT('',(877.35,60.8,-3.));
#73=VERTEX_POINT('',#72);
#74=CARTESIAN_POINT('',(802.45,60.8,-3.));
#75=VERTEX_POINT('',#74);
#76=CARTESIAN_POINT('',(877.35,60.8,-3.));
#77=DIRECTION('',(-1.,0.,-0.));
#78=VECTOR('',#77,74.9);
#79=LINE('',#76,#78);
#80=EDGE_CURVE('',#73,#75,#79,.T.);
#81=ORIENTED_EDGE('',*,*,#80,.F.);
#82=CARTESIAN_POINT('',(877.35,60.8,-1.));
#83=VERTEX_POINT('',#82);
#84=CARTESIAN_POINT('',(877.35,60.8,-3.));
#85=DIRECTION('',(-0.,0.,1.));
#86=VECTOR('',#85,2.);
#87=LINE('',#84,#86);
#88=EDGE_CURVE('',#73,#83,#87,.T.);
#89=ORIENTED_EDGE('',*,*,#88,.T.);
#90=CARTESIAN_POINT('',(802.45,60.8,-1.));
#91=VERTEX_POINT('',#90);
#92=CARTESIAN_POINT('',(877.35,60.8,-1.));
#93=DIRECTION('',(-1.,0.,-0.));
#94=VECTOR('',#93,74.9);
#95=LINE('',#92,#94);
#96=EDGE_CURVE('',#83,#91,#95,.T.);
#97=ORIENTED_EDGE('',*,*,#96,.T.);
#98=CARTESIAN_POINT('',(802.45,60.8,-1.));
#99=DIRECTION('',(0.,0.,-1.));
#100=VECTOR('',#99,2.);
#101=LINE('',#98,#100);
#102=EDGE_CURVE('',#91,#75,#101,.T.);
#103=ORIENTED_EDGE('',*,*,#102,.T.);
#104=EDGE_LOOP('',(#81,#89,#97,#103));
#105=FACE_BOUND('',#104,.T.);
#106=ADVANCED_FACE('',(#105),#71,.T.);
#107=CARTESIAN_POINT('',(879.85,98.8,-1.));
#108=DIRECTION('',(1.,0.,0.));
#109=DIRECTION('',(0.,0.,-1.));
#110=AXIS2_PLACEMENT_3D('',#107,#108,#109);
#111=PLANE('',#110);
#112=CARTESIAN_POINT('',(879.85,134.3,-3.));
#113=VERTEX_POINT('',#112);
#114=CARTESIAN_POINT('',(879.85,63.3,-3.));
#115=VERTEX_POINT('',#114);
#116=CARTESIAN_POINT('',(879.85,134.3,-3.));
#117=DIRECTION('',(0.,-1.,0.));
#118=VECTOR('',#117,71.);
#119=LINE('',#116,#118);
#120=EDGE_CURVE('',#113,#115,#119,.T.);
#121=ORIENTED_EDGE('',*,*,#120,.F.);
#122=CARTESIAN_POINT('',(879.85,134.3,-1.));
#123=VERTEX_POINT('',#122);
#124=CARTESIAN_POINT('',(879.85,134.3,-3.));
#125=DIRECTION('',(-0.,0.,1.));
#126=VECTOR('',#125,2.);
#127=LINE('',#124,#126);
#128=EDGE_CURVE('',#113,#123,#127,.T.);
#129=ORIENTED_EDGE('',*,*,#128,.T.);
#130=CARTESIAN_POINT('',(879.85,63.3,-1.));
#131=VERTEX_POINT('',#130);
#132=CARTESIAN_POINT('',(879.85,134.3,-1.));
#133=DIRECTION('',(0.,-1.,0.));
#134=VECTOR('',#133,71.);
#135=LINE('',#132,#134);
#136=EDGE_CURVE('',#123,#131,#135,.T.);
#137=ORIENTED_EDGE('',*,*,#136,.T.);
#138=CARTESIAN_POINT('',(879.85,63.3,-1.));
#139=DIRECTION('',(0.,0.,-1.));
#140=VECTOR('',#139,2.);
#141=LINE('',#138,#140);
#142=EDGE_CURVE('',#131,#115,#141,.T.);
#143=ORIENTED_EDGE('',*,*,#142,.T.);
#144=EDGE_LOOP('',(#121,#129,#137,#143));
#145=FACE_BOUND('',#144,.T.);
#146=ADVANCED_FACE('',(#145),#111,.T.);
#147=CARTESIAN_POINT('',(839.9,136.8,-1.));
#148=DIRECTION('',(0.,1.,0.));
#149=DIRECTION('',(0.,0.,-1.));
#150=AXIS2_PLACEMENT_3D('',#147,#148,#149);
#151=PLANE('',#150);
#152=CARTESIAN_POINT('',(802.45,136.8,-3.));
#153=VERTEX_POINT('',#152);
#154=CARTESIAN_POINT('',(877.35,136.8,-3.));
#155=VERTEX_POINT('',#154);
#156=CARTESIAN_POINT('',(802.45,136.8,-3.));
#157=DIRECTION('',(1.,0.,0.));
#158=VECTOR('',#157,74.9);
#159=LINE('',#156,#158);
#160=EDGE_CURVE('',#153,#155,#159,.T.);
#161=ORIENTED_EDGE('',*,*,#160,.F.);
#162=CARTESIAN_POINT('',(802.45,136.8,-1.));
#163=VERTEX_POINT('',#162);
#164=CARTESIAN_POINT('',(802.45,136.8,-3.));
#165=DIRECTION('',(-0.,0.,1.));
#166=VECTOR('',#165,2.);
#167=LINE('',#164,#166);
#168=EDGE_CURVE('',#153,#163,#167,.T.);
#169=ORIENTED_EDGE('',*,*,#168,.T.);
#170=CARTESIAN_POINT('',(877.35,136.8,-1.));
#171=VERTEX_POINT('',#170);
#172=CARTESIAN_POINT('',(802.45,136.8,-1.));
#173=DIRECTION('',(1.,0.,0.));
#174=VECTOR('',#173,74.9);
#175=LINE('',#172,#174);
#176=EDGE_CURVE('',#163,#171,#175,.T.);
#177=ORIENTED_EDGE('',*,*,#176,.T.);
#178=CARTESIAN_POINT('',(877.35,136.8,-1.));
#179=DIRECTION('',(0.,0.,-1.));
#180=VECTOR('',#179,2.);
#181=LINE('',#178,#180);
#182=EDGE_CURVE('',#171,#155,#181,.T.);
#183=ORIENTED_EDGE('',*,*,#182,.T.);
#184=EDGE_LOOP('',(#161,#169,#177,#183));
#185=FACE_BOUND('',#184,.T.);
#186=ADVANCED_FACE('',(#185),#151,.T.);
#187=CARTESIAN_POINT('',(1463.868673992,0.,-1.));
#188=DIRECTION('',(-0.,0.,1.));
#189=DIRECTION('',(-1.,0.,-0.));
#190=AXIS2_PLACEMENT_3D('',#187,#188,#189);
#191=PLANE('',#190);
#192=CARTESIAN_POINT('',(877.95,64.3,-1.));
#193=VERTEX_POINT('',#192);
#194=CARTESIAN_POINT('',(874.75,64.3,-1.));
#195=VERTEX_POINT('',#194);
#196=CARTESIAN_POINT('',(876.35,64.3,-1.));
#197=DIRECTION('',(0.,-0.,-1.));
#198=DIRECTION('',(1.,0.,0.));
#199=AXIS2_PLACEMENT_3D('',#196,#197,#198);
#200=CIRCLE('',#199,1.6);
#201=EDGE_CURVE('',#193,#195,#200,.T.);
#202=ORIENTED_EDGE('',*,*,#201,.T.);
#203=CARTESIAN_POINT('',(876.35,64.3,-1.));
#204=DIRECTION('',(0.,-0.,-1.));
#205=DIRECTION('',(1.,0.,0.));
#206=AXIS2_PLACEMENT_3D('',#203,#204,#205);
#207=CIRCLE('',#206,1.6);
#208=EDGE_CURVE('',#195,#193,#207,.T.);
#209=ORIENTED_EDGE('',*,*,#208,.T.);
#210=EDGE_LOOP('',(#202,#209));
#211=FACE_BOUND('',#210,.T.);
#212=CARTESIAN_POINT('',(805.05,64.3,-1.));
#213=VERTEX_POINT('',#212);
#214=CARTESIAN_POINT('',(801.85,64.3,-1.));
#215=VERTEX_POINT('',#214);
#216=CARTESIAN_POINT('',(803.45,64.3,-1.));
#217=DIRECTION('',(0.,-0.,-1.));
#218=DIRECTION('',(1.,0.,0.));
#219=AXIS2_PLACEMENT_3D('',#216,#217,#218);
#220=CIRCLE('',#219,1.6);
#221=EDGE_CURVE('',#213,#215,#220,.T.);
#222=ORIENTED_EDGE('',*,*,#221,.T.);
#223=CARTESIAN_POINT('',(803.45,64.3,-1.));
#224=DIRECTION('',(0.,-0.,-1.));
#225=DIRECTION('',(1.,0.,0.));
#226=AXIS2_PLACEMENT_3D('',#223,#224,#225);
#227=CIRCLE('',#226,1.6);
#228=EDGE_CURVE('',#215,#213,#227,.T.);
#229=ORIENTED_EDGE('',*,*,#228,.T.);
#230=EDGE_LOOP('',(#222,#229));
#231=FACE_BOUND('',#230,.T.);
#232=CARTESIAN_POINT('',(805.05,133.3,-1.));
#233=VERTEX_POINT('',#232);
#234=CARTESIAN_POINT('',(801.85,133.3,-1.));
#235=VERTEX_POINT('',#234);
#236=CARTESIAN_POINT('',(803.45,133.3,-1.));
#237=DIRECTION('',(0.,-0.,-1.));
#238=DIRECTION('',(1.,0.,0.));
#239=AXIS2_PLACEMENT_3D('',#236,#237,#238);
#240=CIRCLE('',#239,1.6);
#241=EDGE_CURVE('',#233,#235,#240,.T.);
#242=ORIENTED_EDGE('',*,*,#241,.T.);
#243=CARTESIAN_POINT('',(803.45,133.3,-1.));
#244=DIRECTION('',(0.,-0.,-1.));
#245=DIRECTION('',(1.,0.,0.));
#246=AXIS2_PLACEMENT_3D('',#243,#244,#245);
#247=CIRCLE('',#246,1.6);
#248=EDGE_CURVE('',#235,#233,#247,.T.);
#249=ORIENTED_EDGE('',*,*,#248,.T.);
#250=EDGE_LOOP('',(#242,#249));
#251=FACE_BOUND('',#250,.T.);
#252=CARTESIAN_POINT('',(877.95,133.3,-1.));
#253=VERTEX_POINT('',#252);
#254=CARTESIAN_POINT('',(874.75,133.3,-1.));
#255=VERTEX_POINT('',#254);
#256=CARTESIAN_POINT('',(876.35,133.3,-1.));
#257=DIRECTION('',(0.,-0.,-1.));
#258=DIRECTION('',(1.,0.,0.));
#259=AXIS2_PLACEMENT_3D('',#256,#257,#258);
#260=CIRCLE('',#259,1.6);
#261=EDGE_CURVE('',#253,#255,#260,.T.);
#262=ORIENTED_EDGE('',*,*,#261,.T.);
#263=CARTESIAN_POINT('',(876.35,133.3,-1.));
#264=DIRECTION('',(0.,-0.,-1.));
#265=DIRECTION('',(1.,0.,0.));
#266=AXIS2_PLACEMENT_3D('',#263,#264,#265);
#267=CIRCLE('',#266,1.6);
#268=EDGE_CURVE('',#255,#253,#267,.T.);
#269=ORIENTED_EDGE('',*,*,#268,.T.);
#270=EDGE_LOOP('',(#262,#269));
#271=FACE_BOUND('',#270,.T.);
#272=ORIENTED_EDGE('',*,*,#176,.F.);
#273=CARTESIAN_POINT('',(802.45,136.8,-1.));
#274=DIRECTION('',(-0.707106781,-0.707106781,-0.));
#275=VECTOR('',#274,3.535533906);
#276=LINE('',#273,#275);
#277=EDGE_CURVE('',#163,#35,#276,.T.);
#278=ORIENTED_EDGE('',*,*,#277,.T.);
#279=ORIENTED_EDGE('',*,*,#40,.F.);
#280=CARTESIAN_POINT('',(799.95,63.3,-1.));
#281=DIRECTION('',(0.707106781,-0.707106781,0.));
#282=VECTOR('',#281,3.535533906);
#283=LINE('',#280,#282);
#284=EDGE_CURVE('',#33,#91,#283,.T.);
#285=ORIENTED_EDGE('',*,*,#284,.T.);
#286=ORIENTED_EDGE('',*,*,#96,.F.);
#287=CARTESIAN_POINT('',(877.35,60.8,-1.));
#288=DIRECTION('',(0.707106781,0.707106781,0.));
#289=VECTOR('',#288,3.535533906);
#290=LINE('',#287,#289);
#291=EDGE_CURVE('',#83,#131,#290,.T.);
#292=ORIENTED_EDGE('',*,*,#291,.T.);
#293=ORIENTED_EDGE('',*,*,#136,.F.);
#294=CARTESIAN_POINT('',(879.85,134.3,-1.));
#295=DIRECTION('',(-0.707106781,0.707106781,-0.));
#296=VECTOR('',#295,3.535533906);
#297=LINE('',#294,#296);
#298=EDGE_CURVE('',#123,#171,#297,.T.);
#299=ORIENTED_EDGE('',*,*,#298,.T.);
#300=EDGE_LOOP('',(#272,#278,#279,#285,#286,#292,#293,#299));
#301=FACE_BOUND('',#300,.T.);
#302=ADVANCED_FACE('',(#211,#231,#251,#271,#301),#191,.T.);
#303=CARTESIAN_POINT('',(1463.868673992,0.,-3.));
#304=DIRECTION('',(-0.,0.,1.));
#305=DIRECTION('',(-1.,0.,-0.));
#306=AXIS2_PLACEMENT_3D('',#303,#304,#305);
#307=PLANE('',#306);
#308=CARTESIAN_POINT('',(800.45,64.3,-3.));
#309=VERTEX_POINT('',#308);
#310=CARTESIAN_POINT('',(803.45,64.3,-3.));
#311=DIRECTION('',(-0.,0.,1.));
#312=DIRECTION('',(-1.,0.,-0.));
#313=AXIS2_PLACEMENT_3D('',#310,#311,#312);
#314=CIRCLE('',#313,3.);
#315=EDGE_CURVE('',#309,#309,#314,.T.);
#316=ORIENTED_EDGE('',*,*,#315,.T.);
#317=EDGE_LOOP('',(#316));
#318=FACE_BOUND('',#317,.T.);
#319=CARTESIAN_POINT('',(800.45,133.3,-3.));
#320=VERTEX_POINT('',#319);
#321=CARTESIAN_POINT('',(803.45,133.3,-3.));
#322=DIRECTION('',(-0.,0.,1.));
#323=DIRECTION('',(-1.,0.,-0.));
#324=AXIS2_PLACEMENT_3D('',#321,#322,#323);
#325=CIRCLE('',#324,3.);
#326=EDGE_CURVE('',#320,#320,#325,.T.);
#327=ORIENTED_EDGE('',*,*,#326,.T.);
#328=EDGE_LOOP('',(#327));
#329=FACE_BOUND('',#328,.T.);
#330=CARTESIAN_POINT('',(873.35,133.3,-3.));
#331=VERTEX_POINT('',#330);
#332=CARTESIAN_POINT('',(876.35,133.3,-3.));
#333=DIRECTION('',(-0.,0.,1.));
#334=DIRECTION('',(-1.,0.,-0.));
#335=AXIS2_PLACEMENT_3D('',#332,#333,#334);
#336=CIRCLE('',#335,3.);
#337=EDGE_CURVE('',#331,#331,#336,.T.);
#338=ORIENTED_EDGE('',*,*,#337,.T.);
#339=EDGE_LOOP('',(#338));
#340=FACE_BOUND('',#339,.T.);
#341=CARTESIAN_POINT('',(873.35,64.3,-3.));
#342=VERTEX_POINT('',#341);
#343=CARTESIAN_POINT('',(876.35,64.3,-3.));
#344=DIRECTION('',(-0.,0.,1.));
#345=DIRECTION('',(-1.,0.,-0.));
#346=AXIS2_PLACEMENT_3D('',#343,#344,#345);
#347=CIRCLE('',#346,3.);
#348=EDGE_CURVE('',#342,#342,#347,.T.);
#349=ORIENTED_EDGE('',*,*,#348,.T.);
#350=EDGE_LOOP('',(#349));
#351=FACE_BOUND('',#350,.T.);
#352=ORIENTED_EDGE('',*,*,#56,.T.);
#353=CARTESIAN_POINT('',(799.95,134.3,-3.));
#354=DIRECTION('',(0.707106781,0.707106781,0.));
#355=VECTOR('',#354,3.535533906);
#356=LINE('',#353,#355);
#357=EDGE_CURVE('',#43,#153,#356,.T.);
#358=ORIENTED_EDGE('',*,*,#357,.T.);
#359=ORIENTED_EDGE('',*,*,#160,.T.);
#360=CARTESIAN_POINT('',(877.35,136.8,-3.));
#361=DIRECTION('',(0.707106781,-0.707106781,0.));
#362=VECTOR('',#361,3.535533906);
#363=LINE('',#360,#362);
#364=EDGE_CURVE('',#155,#113,#363,.T.);
#365=ORIENTED_EDGE('',*,*,#364,.T.);
#366=ORIENTED_EDGE('',*,*,#120,.T.);
#367=CARTESIAN_POINT('',(879.85,63.3,-3.));
#368=DIRECTION('',(-0.707106781,-0.707106781,-0.));
#369=VECTOR('',#368,3.535533906);
#370=LINE('',#367,#369);
#371=EDGE_CURVE('',#115,#73,#370,.T.);
#372=ORIENTED_EDGE('',*,*,#371,.T.);
#373=ORIENTED_EDGE('',*,*,#80,.T.);
#374=CARTESIAN_POINT('',(802.45,60.8,-3.));
#375=DIRECTION('',(-0.707106781,0.707106781,-0.));
#376=VECTOR('',#375,3.535533906);
#377=LINE('',#374,#376);
#378=EDGE_CURVE('',#75,#51,#377,.T.);
#379=ORIENTED_EDGE('',*,*,#378,.T.);
#380=EDGE_LOOP('',(#352,#358,#359,#365,#366,#372,#373,#379));
#381=FACE_BOUND('',#380,.T.);
#382=ADVANCED_FACE('',(#318,#329,#340,#351,#381),#307,.F.);
#383=CARTESIAN_POINT('',(876.35,133.3,5.));
#384=DIRECTION('',(0.,0.,-1.));
#385=DIRECTION('',(-1.,0.,-0.));
#386=AXIS2_PLACEMENT_3D('',#383,#384,#385);
#387=CYLINDRICAL_SURFACE('',#386,1.6);
#388=CARTESIAN_POINT('',(874.75,133.3,-2.));
#389=VERTEX_POINT('',#388);
#390=CARTESIAN_POINT('',(874.75,133.3,-2.));
#391=DIRECTION('',(-0.,-0.,1.));
#392=VECTOR('',#391,1.);
#393=LINE('',#390,#392);
#394=EDGE_CURVE('',#389,#255,#393,.T.);
#395=ORIENTED_EDGE('',*,*,#394,.F.);
#396=CARTESIAN_POINT('',(876.35,133.3,-2.));
#397=DIRECTION('',(-0.,0.,1.));
#398=DIRECTION('',(-1.,0.,-0.));
#399=AXIS2_PLACEMENT_3D('',#396,#397,#398);
#400=CIRCLE('',#399,1.6);
#401=EDGE_CURVE('',#389,#389,#400,.T.);
#402=ORIENTED_EDGE('',*,*,#401,.F.);
#403=ORIENTED_EDGE('',*,*,#394,.T.);
#404=ORIENTED_EDGE('',*,*,#261,.F.);
#405=ORIENTED_EDGE('',*,*,#268,.F.);
#406=EDGE_LOOP('',(#395,#402,#403,#404,#405));
#407=FACE_BOUND('',#406,.T.);
#408=ADVANCED_FACE('',(#407),#387,.F.);
#409=CARTESIAN_POINT('',(803.45,133.3,5.));
#410=DIRECTION('',(0.,0.,-1.));
#411=DIRECTION('',(-1.,0.,-0.));
#412=AXIS2_PLACEMENT_3D('',#409,#410,#411);
#413=CYLINDRICAL_SURFACE('',#412,1.6);
#414=CARTESIAN_POINT('',(801.85,133.3,-2.));
#415=VERTEX_POINT('',#414);
#416=CARTESIAN_POINT('',(801.85,133.3,-2.));
#417=DIRECTION('',(-0.,-0.,1.));
#418=VECTOR('',#417,1.);
#419=LINE('',#416,#418);
#420=EDGE_CURVE('',#415,#235,#419,.T.);
#421=ORIENTED_EDGE('',*,*,#420,.F.);
#422=CARTESIAN_POINT('',(803.45,133.3,-2.));
#423=DIRECTION('',(-0.,0.,1.));
#424=DIRECTION('',(-1.,0.,-0.));
#425=AXIS2_PLACEMENT_3D('',#422,#423,#424);
#426=CIRCLE('',#425,1.6);
#427=EDGE_CURVE('',#415,#415,#426,.T.);
#428=ORIENTED_EDGE('',*,*,#427,.F.);
#429=ORIENTED_EDGE('',*,*,#420,.T.);
#430=ORIENTED_EDGE('',*,*,#241,.F.);
#431=ORIENTED_EDGE('',*,*,#248,.F.);
#432=EDGE_LOOP('',(#421,#428,#429,#430,#431));
#433=FACE_BOUND('',#432,.T.);
#434=ADVANCED_FACE('',(#433),#413,.F.);
#435=CARTESIAN_POINT('',(803.45,64.3,5.));
#436=DIRECTION('',(0.,0.,-1.));
#437=DIRECTION('',(-1.,0.,-0.));
#438=AXIS2_PLACEMENT_3D('',#435,#436,#437);
#439=CYLINDRICAL_SURFACE('',#438,1.6);
#440=CARTESIAN_POINT('',(801.85,64.3,-2.));
#441=VERTEX_POINT('',#440);
#442=CARTESIAN_POINT('',(801.85,64.3,-2.));
#443=DIRECTION('',(-0.,-0.,1.));
#444=VECTOR('',#443,1.);
#445=LINE('',#442,#444);
#446=EDGE_CURVE('',#441,#215,#445,.T.);
#447=ORIENTED_EDGE('',*,*,#446,.F.);
#448=CARTESIAN_POINT('',(803.45,64.3,-2.));
#449=DIRECTION('',(-0.,0.,1.));
#450=DIRECTION('',(-1.,0.,-0.));
#451=AXIS2_PLACEMENT_3D('',#448,#449,#450);
#452=CIRCLE('',#451,1.6);
#453=EDGE_CURVE('',#441,#441,#452,.T.);
#454=ORIENTED_EDGE('',*,*,#453,.F.);
#455=ORIENTED_EDGE('',*,*,#446,.T.);
#456=ORIENTED_EDGE('',*,*,#221,.F.);
#457=ORIENTED_EDGE('',*,*,#228,.F.);
#458=EDGE_LOOP('',(#447,#454,#455,#456,#457));
#459=FACE_BOUND('',#458,.T.);
#460=ADVANCED_FACE('',(#459),#439,.F.);
#461=CARTESIAN_POINT('',(876.35,64.3,5.));
#462=DIRECTION('',(0.,0.,-1.));
#463=DIRECTION('',(-1.,0.,-0.));
#464=AXIS2_PLACEMENT_3D('',#461,#462,#463);
#465=CYLINDRICAL_SURFACE('',#464,1.6);
#466=CARTESIAN_POINT('',(874.75,64.3,-2.));
#467=VERTEX_POINT('',#466);
#468=CARTESIAN_POINT('',(874.75,64.3,-2.));
#469=DIRECTION('',(-0.,-0.,1.));
#470=VECTOR('',#469,1.);
#471=LINE('',#468,#470);
#472=EDGE_CURVE('',#467,#195,#471,.T.);
#473=ORIENTED_EDGE('',*,*,#472,.F.);
#474=CARTESIAN_POINT('',(876.35,64.3,-2.));
#475=DIRECTION('',(-0.,0.,1.));
#476=DIRECTION('',(-1.,0.,-0.));
#477=AXIS2_PLACEMENT_3D('',#474,#475,#476);
#478=CIRCLE('',#477,1.6);
#479=EDGE_CURVE('',#467,#467,#478,.T.);
#480=ORIENTED_EDGE('',*,*,#479,.F.);
#481=ORIENTED_EDGE('',*,*,#472,.T.);
#482=ORIENTED_EDGE('',*,*,#201,.F.);
#483=ORIENTED_EDGE('',*,*,#208,.F.);
#484=EDGE_LOOP('',(#473,#480,#481,#482,#483));
#485=FACE_BOUND('',#484,.T.);
#486=ADVANCED_FACE('',(#485),#465,.F.);
#487=CARTESIAN_POINT('',(876.35,64.3,-2.));
#488=DIRECTION('',(0.,0.,-1.));
#489=DIRECTION('',(-1.,0.,-0.));
#490=AXIS2_PLACEMENT_3D('',#487,#488,#489);
#491=CYLINDRICAL_SURFACE('',#490,3.);
#492=CARTESIAN_POINT('',(873.35,64.3,-2.));
#493=VERTEX_POINT('',#492);
#494=CARTESIAN_POINT('',(873.35,64.3,-3.));
#495=DIRECTION('',(-0.,-0.,1.));
#496=VECTOR('',#495,1.);
#497=LINE('',#494,#496);
#498=EDGE_CURVE('',#342,#493,#497,.T.);
#499=ORIENTED_EDGE('',*,*,#498,.F.);
#500=ORIENTED_EDGE('',*,*,#348,.F.);
#501=ORIENTED_EDGE('',*,*,#498,.T.);
#502=CARTESIAN_POINT('',(876.35,64.3,-2.));
#503=DIRECTION('',(-0.,0.,1.));
#504=DIRECTION('',(-1.,0.,-0.));
#505=AXIS2_PLACEMENT_3D('',#502,#503,#504);
#506=CIRCLE('',#505,3.);
#507=EDGE_CURVE('',#493,#493,#506,.T.);
#508=ORIENTED_EDGE('',*,*,#507,.T.);
#509=EDGE_LOOP('',(#499,#500,#501,#508));
#510=FACE_BOUND('',#509,.T.);
#511=ADVANCED_FACE('',(#510),#491,.F.);
#512=CARTESIAN_POINT('',(1463.868673992,0.,-2.));
#513=DIRECTION('',(-0.,0.,1.));
#514=DIRECTION('',(-1.,0.,-0.));
#515=AXIS2_PLACEMENT_3D('',#512,#513,#514);
#516=PLANE('',#515);
#517=ORIENTED_EDGE('',*,*,#479,.T.);
#518=EDGE_LOOP('',(#517));
#519=FACE_BOUND('',#518,.T.);
#520=ORIENTED_EDGE('',*,*,#507,.F.);
#521=EDGE_LOOP('',(#520));
#522=FACE_BOUND('',#521,.T.);
#523=ADVANCED_FACE('',(#519,#522),#516,.F.);
#524=CARTESIAN_POINT('',(876.35,133.3,-2.));
#525=DIRECTION('',(0.,0.,-1.));
#526=DIRECTION('',(-1.,0.,-0.));
#527=AXIS2_PLACEMENT_3D('',#524,#525,#526);
#528=CYLINDRICAL_SURFACE('',#527,3.);
#529=CARTESIAN_POINT('',(873.35,133.3,-2.));
#530=VERTEX_POINT('',#529);
#531=CARTESIAN_POINT('',(873.35,133.3,-3.));
#532=DIRECTION('',(-0.,-0.,1.));
#533=VECTOR('',#532,1.);
#534=LINE('',#531,#533);
#535=EDGE_CURVE('',#331,#530,#534,.T.);
#536=ORIENTED_EDGE('',*,*,#535,.F.);
#537=ORIENTED_EDGE('',*,*,#337,.F.);
#538=ORIENTED_EDGE('',*,*,#535,.T.);
#539=CARTESIAN_POINT('',(876.35,133.3,-2.));
#540=DIRECTION('',(-0.,0.,1.));
#541=DIRECTION('',(-1.,0.,-0.));
#542=AXIS2_PLACEMENT_3D('',#539,#540,#541);
#543=CIRCLE('',#542,3.);
#544=EDGE_CURVE('',#530,#530,#543,.T.);
#545=ORIENTED_EDGE('',*,*,#544,.T.);
#546=EDGE_LOOP('',(#536,#537,#538,#545));
#547=FACE_BOUND('',#546,.T.);
#548=ADVANCED_FACE('',(#547),#528,.F.);
#549=CARTESIAN_POINT('',(1463.868673992,0.,-2.));
#550=DIRECTION('',(-0.,0.,1.));
#551=DIRECTION('',(-1.,0.,-0.));
#552=AXIS2_PLACEMENT_3D('',#549,#550,#551);
#553=PLANE('',#552);
#554=ORIENTED_EDGE('',*,*,#401,.T.);
#555=EDGE_LOOP('',(#554));
#556=FACE_BOUND('',#555,.T.);
#557=ORIENTED_EDGE('',*,*,#544,.F.);
#558=EDGE_LOOP('',(#557));
#559=FACE_BOUND('',#558,.T.);
#560=ADVANCED_FACE('',(#556,#559),#553,.F.);
#561=CARTESIAN_POINT('',(803.45,133.3,-2.));
#562=DIRECTION('',(0.,0.,-1.));
#563=DIRECTION('',(-1.,0.,-0.));
#564=AXIS2_PLACEMENT_3D('',#561,#562,#563);
#565=CYLINDRICAL_SURFACE('',#564,3.);
#566=CARTESIAN_POINT('',(800.45,133.3,-2.));
#567=VERTEX_POINT('',#566);
#568=CARTESIAN_POINT('',(800.45,133.3,-3.));
#569=DIRECTION('',(-0.,-0.,1.));
#570=VECTOR('',#569,1.);
#571=LINE('',#568,#570);
#572=EDGE_CURVE('',#320,#567,#571,.T.);
#573=ORIENTED_EDGE('',*,*,#572,.F.);
#574=ORIENTED_EDGE('',*,*,#326,.F.);
#575=ORIENTED_EDGE('',*,*,#572,.T.);
#576=CARTESIAN_POINT('',(803.45,133.3,-2.));
#577=DIRECTION('',(-0.,0.,1.));
#578=DIRECTION('',(-1.,0.,-0.));
#579=AXIS2_PLACEMENT_3D('',#576,#577,#578);
#580=CIRCLE('',#579,3.);
#581=EDGE_CURVE('',#567,#567,#580,.T.);
#582=ORIENTED_EDGE('',*,*,#581,.T.);
#583=EDGE_LOOP('',(#573,#574,#575,#582));
#584=FACE_BOUND('',#583,.T.);
#585=ADVANCED_FACE('',(#584),#565,.F.);
#586=CARTESIAN_POINT('',(1463.868673992,0.,-2.));
#587=DIRECTION('',(-0.,0.,1.));
#588=DIRECTION('',(-1.,0.,-0.));
#589=AXIS2_PLACEMENT_3D('',#586,#587,#588);
#590=PLANE('',#589);
#591=ORIENTED_EDGE('',*,*,#427,.T.);
#592=EDGE_LOOP('',(#591));
#593=FACE_BOUND('',#592,.T.);
#594=ORIENTED_EDGE('',*,*,#581,.F.);
#595=EDGE_LOOP('',(#594));
#596=FACE_BOUND('',#595,.T.);
#597=ADVANCED_FACE('',(#593,#596),#590,.F.);
#598=CARTESIAN_POINT('',(803.45,64.3,-2.));
#599=DIRECTION('',(0.,0.,-1.));
#600=DIRECTION('',(-1.,0.,-0.));
#601=AXIS2_PLACEMENT_3D('',#598,#599,#600);
#602=CYLINDRICAL_SURFACE('',#601,3.);
#603=CARTESIAN_POINT('',(800.45,64.3,-2.));
#604=VERTEX_POINT('',#603);
#605=CARTESIAN_POINT('',(800.45,64.3,-3.));
#606=DIRECTION('',(-0.,-0.,1.));
#607=VECTOR('',#606,1.);
#608=LINE('',#605,#607);
#609=EDGE_CURVE('',#309,#604,#608,.T.);
#610=ORIENTED_EDGE('',*,*,#609,.F.);
#611=ORIENTED_EDGE('',*,*,#315,.F.);
#612=ORIENTED_EDGE('',*,*,#609,.T.);
#613=CARTESIAN_POINT('',(803.45,64.3,-2.));
#614=DIRECTION('',(-0.,0.,1.));
#615=DIRECTION('',(-1.,0.,-0.));
#616=AXIS2_PLACEMENT_3D('',#613,#614,#615);
#617=CIRCLE('',#616,3.);
#618=EDGE_CURVE('',#604,#604,#617,.T.);
#619=ORIENTED_EDGE('',*,*,#618,.T.);
#620=EDGE_LOOP('',(#610,#611,#612,#619));
#621=FACE_BOUND('',#620,.T.);
#622=ADVANCED_FACE('',(#621),#602,.F.);
#623=CARTESIAN_POINT('',(1463.868673992,0.,-2.));
#624=DIRECTION('',(-0.,0.,1.));
#625=DIRECTION('',(-1.,0.,-0.));
#626=AXIS2_PLACEMENT_3D('',#623,#624,#625);
#627=PLANE('',#626);
#628=ORIENTED_EDGE('',*,*,#453,.T.);
#629=EDGE_LOOP('',(#628));
#630=FACE_BOUND('',#629,.T.);
#631=ORIENTED_EDGE('',*,*,#618,.F.);
#632=EDGE_LOOP('',(#631));
#633=FACE_BOUND('',#632,.T.);
#634=ADVANCED_FACE('',(#630,#633),#627,.F.);
#635=CARTESIAN_POINT('',(799.95,134.3,-1.));
#636=DIRECTION('',(0.707106781,-0.707106781,0.));
#637=DIRECTION('',(0.,-0.,-1.));
#638=AXIS2_PLACEMENT_3D('',#635,#636,#637);
#639=PLANE('',#638);
#640=ORIENTED_EDGE('',*,*,#277,.F.);
#641=ORIENTED_EDGE('',*,*,#168,.F.);
#642=ORIENTED_EDGE('',*,*,#357,.F.);
#643=ORIENTED_EDGE('',*,*,#48,.F.);
#644=EDGE_LOOP('',(#640,#641,#642,#643));
#645=FACE_BOUND('',#644,.T.);
#646=ADVANCED_FACE('',(#645),#639,.F.);
#647=CARTESIAN_POINT('',(877.35,136.8,-1.));
#648=DIRECTION('',(-0.707106781,-0.707106781,-0.));
#649=DIRECTION('',(0.,0.,-1.));
#650=AXIS2_PLACEMENT_3D('',#647,#648,#649);
#651=PLANE('',#650);
#652=ORIENTED_EDGE('',*,*,#298,.F.);
#653=ORIENTED_EDGE('',*,*,#128,.F.);
#654=ORIENTED_EDGE('',*,*,#364,.F.);
#655=ORIENTED_EDGE('',*,*,#182,.F.);
#656=EDGE_LOOP('',(#652,#653,#654,#655));
#657=FACE_BOUND('',#656,.T.);
#658=ADVANCED_FACE('',(#657),#651,.F.);
#659=CARTESIAN_POINT('',(879.85,63.3,-1.));
#660=DIRECTION('',(-0.707106781,0.707106781,-0.));
#661=DIRECTION('',(0.,-0.,-1.));
#662=AXIS2_PLACEMENT_3D('',#659,#660,#661);
#663=PLANE('',#662);
#664=ORIENTED_EDGE('',*,*,#291,.F.);
#665=ORIENTED_EDGE('',*,*,#88,.F.);
#666=ORIENTED_EDGE('',*,*,#371,.F.);
#667=ORIENTED_EDGE('',*,*,#142,.F.);
#668=EDGE_LOOP('',(#664,#665,#666,#667));
#669=FACE_BOUND('',#668,.T.);
#670=ADVANCED_FACE('',(#669),#663,.F.);
#671=CARTESIAN_POINT('',(802.45,60.8,-1.));
#672=DIRECTION('',(0.707106781,0.707106781,0.));
#673=DIRECTION('',(0.,0.,-1.));
#674=AXIS2_PLACEMENT_3D('',#671,#672,#673);
#675=PLANE('',#674);
#676=ORIENTED_EDGE('',*,*,#284,.F.);
#677=ORIENTED_EDGE('',*,*,#62,.F.);
#678=ORIENTED_EDGE('',*,*,#378,.F.);
#679=ORIENTED_EDGE('',*,*,#102,.F.);
#680=EDGE_LOOP('',(#676,#677,#678,#679));
#681=FACE_BOUND('',#680,.T.);
#682=ADVANCED_FACE('',(#681),#675,.F.);
#683=CLOSED_SHELL('',(#66,#106,#146,#186,#302,#382,#408,#434,#460,#486,#511,#523,#548,#560,#585,#597,#622,#634,#646,#658,#670,#682));
#684=MANIFOLD_SOLID_BREP('Body 206',#683);
#685=COLOUR_RGB('',0.098039217,0.098039217,0.098039217);
#686=FILL_AREA_STYLE_COLOUR('',#685);
#687=FILL_AREA_STYLE('',(#686));
#688=SURFACE_STYLE_FILL_AREA(#687);
#689=SURFACE_SIDE_STYLE('',(#688));
#690=SURFACE_STYLE_USAGE(.BOTH.,#689);
#691=PRESENTATION_STYLE_ASSIGNMENT((#690));
#26=STYLED_ITEM('',(#691),#684);
#692=(NAMED_UNIT(*)PLANE_ANGLE_UNIT()SI_UNIT($,.RADIAN.));
#693=PLANE_ANGLE_MEASURE_WITH_UNIT(PLANE_ANGLE_MEASURE(0.0174532925),#692);
#694=(CONVERSION_BASED_UNIT('DEGREE',#693)NAMED_UNIT(#695)PLANE_ANGLE_UNIT());
#695=DIMENSIONAL_EXPONENTS(0.,0.,0.,0.,0.,0.,0.);
#696=(NAMED_UNIT(*)SI_UNIT($,.STERADIAN.)SOLID_ANGLE_UNIT());
#697=(LENGTH_UNIT()NAMED_UNIT(*)SI_UNIT(.MILLI.,.METRE.));
#698=UNCERTAINTY_MEASURE_WITH_UNIT(LENGTH_MEASURE(1.000000E-03),#697,'DISTANCE_ACCURACY_VALUE','Maximum Tolerance applied to model');
#699=(GEOMETRIC_REPRESENTATION_CONTEXT(3)GLOBAL_UNCERTAINTY_ASSIGNED_CONTEXT((#698))GLOBAL_UNIT_ASSIGNED_CONTEXT((#697,#694,#696))REPRESENTATION_CONTEXT('','DIY Encoder.step'));
#711=CARTESIAN_POINT('',(0.,0.,0.));
#712=DIRECTION('',(0.,0.,1.));
#713=DIRECTION('',(1.,0.,-0.));
#714=AXIS2_PLACEMENT_3D('',#711,#712,#713);
#715=ITEM_DEFINED_TRANSFORMATION('','',#714,#15);
#716=(REPRESENTATION_RELATIONSHIP('','',#701,#16)REPRESENTATION_RELATIONSHIP_WITH_TRANSFORMATION(#715)SHAPE_REPRESENTATION_RELATIONSHIP());
#717=NEXT_ASSEMBLY_USAGE_OCCURRENCE('DIY Encoder.step_1','DIY Encoder.step','DIY Encoder.step',#25,#710,$);
#718=PRODUCT_DEFINITION_SHAPE('','',#717);
#719=CONTEXT_DEPENDENT_SHAPE_REPRESENTATION(#716,#718);
#720=(NAMED_UNIT(*)PLANE_ANGLE_UNIT()SI_UNIT($,.RADIAN.));
#721=PLANE_ANGLE_MEASURE_WITH_UNIT(PLANE_ANGLE_MEASURE(0.0174532925),#720);
#722=(CONVERSION_BASED_UNIT('DEGREE',#721)NAMED_UNIT(#723)PLANE_ANGLE_UNIT());
#723=DIMENSIONAL_EXPONENTS(0.,0.,0.,0.,0.,0.,0.);
#724=(NAMED_UNIT(*)SI_UNIT($,.STERADIAN.)SOLID_ANGLE_UNIT());
#725=(LENGTH_UNIT()NAMED_UNIT(*)SI_UNIT(.MILLI.,.METRE.));
#726=UNCERTAINTY_MEASURE_WITH_UNIT(LENGTH_MEASURE(1.000000E-03),#725,'DISTANCE_ACCURACY_VALUE','Maximum Tolerance applied to model');
#727=(GEOMETRIC_REPRESENTATION_CONTEXT(3)GLOBAL_UNCERTAINTY_ASSIGNED_CONTEXT((#726))GLOBAL_UNIT_ASSIGNED_CONTEXT((#725,#722,#724))REPRESENTATION_CONTEXT('','Rotary Encoder - KY-040 v2:1'));
#739=CARTESIAN_POINT('',(0.,0.,0.));
#740=DIRECTION('',(0.,0.,1.));
#741=DIRECTION('',(1.,0.,-0.));
#742=AXIS2_PLACEMENT_3D('',#739,#740,#741);
#743=ITEM_DEFINED_TRANSFORMATION('','',#742,#15);
#744=(REPRESENTATION_RELATIONSHIP('','',#729,#701)REPRESENTATION_RELATIONSHIP_WITH_TRANSFORMATION(#743)SHAPE_REPRESENTATION_RELATIONSHIP());
#745=NEXT_ASSEMBLY_USAGE_OCCURRENCE('Rotary Encoder - KY-040 v2:1_2','Rotary Encoder - KY-040 v2:1','Rotary Encoder - KY-040 v2:1',#710,#738,$);
#746=PRODUCT_DEFINITION_SHAPE('','',#745);
#747=CONTEXT_DEPENDENT_SHAPE_REPRESENTATION(#744,#746);
#729=SHAPE_REPRESENTATION('Rotary Encoder - KY-040 v2:1',(#15),#727);
#748=CARTESIAN_POINT('',(0.,0.,0.));
#749=DIRECTION('',(0.,0.,1.));
#750=DIRECTION('',(1.,0.,0.));
#751=AXIS2_PLACEMENT_3D('',#748,#749,#750);
#753=MAPPED_ITEM('',#752,#751);
#752=REPRESENTATION_MAP(#751,#729);
#754=APPLICATION_CONTEXT('Managed model based 3d engineering');
#755=APPLICATION_PROTOCOL_DEFINITION('international standard','ap242_managed_model_based_3d_engineering',2014,#754);
#756=PRODUCT_CONTEXT('',#754,'mechanical');
#757=PRODUCT_DEFINITION_CONTEXT('part definition',#754,'design');
#737=PRODUCT('Rotary Encoder - KY-040 v2:1','Rotary Encoder - KY-040 v2:1','',(#756));
#758=PRODUCT_RELATED_PRODUCT_CATEGORY('part','',(#737));
#759=PRODUCT_DEFINITION_FORMATION_WITH_SPECIFIED_SOURCE('','',#737,.NOT_KNOWN.);
#738=PRODUCT_DEFINITION('design','',#759,#757);
#736=PRODUCT_DEFINITION_SHAPE('','',#738);
#760=SHAPE_DEFINITION_REPRESENTATION(#736,#729);
#728=DRAUGHTING_MODEL('',(#753),#727);
#761=(NAMED_UNIT(*)PLANE_ANGLE_UNIT()SI_UNIT($,.RADIAN.));
#762=PLANE_ANGLE_MEASURE_WITH_UNIT(PLANE_ANGLE_MEASURE(0.0174532925),#761);
#763=(CONVERSION_BASED_UNIT('DEGREE',#762)NAMED_UNIT(#764)PLANE_ANGLE_UNIT());
#764=DIMENSIONAL_EXPONENTS(0.,0.,0.,0.,0.,0.,0.);
#765=(NAMED_UNIT(*)SI_UNIT($,.STERADIAN.)SOLID_ANGLE_UNIT());
#766=(LENGTH_UNIT()NAMED_UNIT(*)SI_UNIT(.MILLI.,.METRE.));
#767=UNCERTAINTY_MEASURE_WITH_UNIT(LENGTH_MEASURE(1.000000E-03),#766,'DISTANCE_ACCURACY_VALUE','Maximum Tolerance applied to model');
#768=(GEOMETRIC_REPRESENTATION_CONTEXT(3)GLOBAL_UNCERTAINTY_ASSIGNED_CONTEXT((#767))GLOBAL_UNIT_ASSIGNED_CONTEXT((#766,#763,#765))REPRESENTATION_CONTEXT('','Magnet Mounting:1'));
#780=CARTESIAN_POINT('',(0.,0.,0.));
#781=DIRECTION('',(0.,0.,1.));
#782=DIRECTION('',(1.,0.,-0.));
#783=AXIS2_PLACEMENT_3D('',#780,#781,#782);
#784=ITEM_DEFINED_TRANSFORMATION('','',#783,#15);
#785=(REPRESENTATION_RELATIONSHIP('','',#770,#701)REPRESENTATION_RELATIONSHIP_WITH_TRANSFORMATION(#784)SHAPE_REPRESENTATION_RELATIONSHIP());
#786=NEXT_ASSEMBLY_USAGE_OCCURRENCE('Magnet Mounting:1_3','Magnet Mounting:1','Magnet Mounting:1',#710,#779,$);
#787=PRODUCT_DEFINITION_SHAPE('','',#786);
#788=CONTEXT_DEPENDENT_SHAPE_REPRESENTATION(#785,#787);
#770=SHAPE_REPRESENTATION('Magnet Mounting:1',(#15),#768);
#789=CARTESIAN_POINT('',(0.,0.,0.));
#790=DIRECTION('',(0.,0.,1.));
#791=DIRECTION('',(1.,0.,0.));
#792=AXIS2_PLACEMENT_3D('',#789,#790,#791);
#794=MAPPED_ITEM('',#793,#792);
#793=REPRESENTATION_MAP(#792,#770);
#778=PRODUCT('Magnet Mounting:1','Magnet Mounting:1','',(#756));
#795=PRODUCT_RELATED_PRODUCT_CATEGORY('part','',(#778));
#796=PRODUCT_DEFINITION_FORMATION_WITH_SPECIFIED_SOURCE('','',#778,.NOT_KNOWN.);
#779=PRODUCT_DEFINITION('design','',#796,#757);
#777=PRODUCT_DEFINITION_SHAPE('','',#779);
#797=SHAPE_DEFINITION_REPRESENTATION(#777,#770);
#769=DRAUGHTING_MODEL('',(#794),#768);
#798=(NAMED_UNIT(*)PLANE_ANGLE_UNIT()SI_UNIT($,.RADIAN.));
#799=PLANE_ANGLE_MEASURE_WITH_UNIT(PLANE_ANGLE_MEASURE(0.0174532925),#798);
#800=(CONVERSION_BASED_UNIT('DEGREE',#799)NAMED_UNIT(#801)PLANE_ANGLE_UNIT());
#801=DIMENSIONAL_EXPONENTS(0.,0.,0.,0.,0.,0.,0.);
#802=(NAMED_UNIT(*)SI_UNIT($,.STERADIAN.)SOLID_ANGLE_UNIT());
#803=(LENGTH_UNIT()NAMED_UNIT(*)SI_UNIT(.MILLI.,.METRE.));
#804=UNCERTAINTY_MEASURE_WITH_UNIT(LENGTH_MEASURE(1.000000E-03),#803,'DISTANCE_ACCURACY_VALUE','Maximum Tolerance applied to model');
#805=(GEOMETRIC_REPRESENTATION_CONTEXT(3)GLOBAL_UNCERTAINTY_ASSIGNED_CONTEXT((#804))GLOBAL_UNIT_ASSIGNED_CONTEXT((#803,#800,#802))REPRESENTATION_CONTEXT('','Magnet:1'));
#817=CARTESIAN_POINT('',(0.,0.,0.));
#818=DIRECTION('',(0.,0.,1.));
#819=DIRECTION('',(1.,0.,-0.));
#820=AXIS2_PLACEMENT_3D('',#817,#818,#819);
#821=ITEM_DEFINED_TRANSFORMATION('','',#820,#15);
#822=(REPRESENTATION_RELATIONSHIP('','',#807,#701)REPRESENTATION_RELATIONSHIP_WITH_TRANSFORMATION(#821)SHAPE_REPRESENTATION_RELATIONSHIP());
#823=NEXT_ASSEMBLY_USAGE_OCCURRENCE('Magnet:1_4','Magnet:1','Magnet:1',#710,#816,$);
#824=PRODUCT_DEFINITION_SHAPE('','',#823);
#825=CONTEXT_DEPENDENT_SHAPE_REPRESENTATION(#822,#824);
#807=SHAPE_REPRESENTATION('Magnet:1',(#15),#805);
#826=CARTESIAN_POINT('',(0.,0.,0.));
#827=DIRECTION('',(0.,0.,1.));
#828=DIRECTION('',(1.,0.,0.));
#829=AXIS2_PLACEMENT_3D('',#826,#827,#828);
#831=MAPPED_ITEM('',#830,#829);
#830=REPRESENTATION_MAP(#829,#807);
#815=PRODUCT('Magnet:1','Magnet:1','',(#756));
#832=PRODUCT_RELATED_PRODUCT_CATEGORY('part','',(#815));
#833=PRODUCT_DEFINITION_FORMATION_WITH_SPECIFIED_SOURCE('','',#815,.NOT_KNOWN.);
#816=PRODUCT_DEFINITION('design','',#833,#757);
#814=PRODUCT_DEFINITION_SHAPE('','',#816);
#834=SHAPE_DEFINITION_REPRESENTATION(#814,#807);
#806=DRAUGHTING_MODEL('',(#831),#805);
#835=(NAMED_UNIT(*)PLANE_ANGLE_UNIT()SI_UNIT($,.RADIAN.));
#836=PLANE_ANGLE_MEASURE_WITH_UNIT(PLANE_ANGLE_MEASURE(0.0174532925),#835);
#837=(CONVERSION_BASED_UNIT('DEGREE',#836)NAMED_UNIT(#838)PLANE_ANGLE_UNIT());
#838=DIMENSIONAL_EXPONENTS(0.,0.,0.,0.,0.,0.,0.);
#839=(NAMED_UNIT(*)SI_UNIT($,.STERADIAN.)SOLID_ANGLE_UNIT());
#840=(LENGTH_UNIT()NAMED_UNIT(*)SI_UNIT(.MILLI.,.METRE.));
#841=UNCERTAINTY_MEASURE_WITH_UNIT(LENGTH_MEASURE(1.000000E-03),#840,'DISTANCE_ACCURACY_VALUE','Maximum Tolerance applied to model');
#842=(GEOMETRIC_REPRESENTATION_CONTEXT(3)GLOBAL_UNCERTAINTY_ASSIGNED_CONTEXT((#841))GLOBAL_UNIT_ASSIGNED_CONTEXT((#840,#837,#839))REPRESENTATION_CONTEXT('','MagneticEncoder_AS5600 v2:1'));
#854=CARTESIAN_POINT('',(0.,0.,0.));
#855=DIRECTION('',(0.,0.,1.));
#856=DIRECTION('',(1.,0.,-0.));
#857=AXIS2_PLACEMENT_3D('',#854,#855,#856);
#858=ITEM_DEFINED_TRANSFORMATION('','',#857,#15);
#859=(REPRESENTATION_RELATIONSHIP('','',#844,#701)REPRESENTATION_RELATIONSHIP_WITH_TRANSFORMATION(#858)SHAPE_REPRESENTATION_RELATIONSHIP());
#860=NEXT_ASSEMBLY_USAGE_OCCURRENCE('MagneticEncoder_AS5600 v2:1_5','MagneticEncoder_AS5600 v2:1','MagneticEncoder_AS5600 v2:1',#710,#853,$);
#861=PRODUCT_DEFINITION_SHAPE('','',#860);
#862=CONTEXT_DEPENDENT_SHAPE_REPRESENTATION(#859,#861);
#844=SHAPE_REPRESENTATION('MagneticEncoder_AS5600 v2:1',(#15),#842);
#863=CARTESIAN_POINT('',(0.,0.,0.));
#864=DIRECTION('',(0.,0.,1.));
#865=DIRECTION('',(1.,0.,0.));
#866=AXIS2_PLACEMENT_3D('',#863,#864,#865);
#868=MAPPED_ITEM('',#867,#866);
#867=REPRESENTATION_MAP(#866,#844);
#852=PRODUCT('MagneticEncoder_AS5600 v2:1','MagneticEncoder_AS5600 v2:1','',(#756));
#869=PRODUCT_RELATED_PRODUCT_CATEGORY('part','',(#852));
#870=PRODUCT_DEFINITION_FORMATION_WITH_SPECIFIED_SOURCE('','',#852,.NOT_KNOWN.);
#853=PRODUCT_DEFINITION('design','',#870,#757);
#851=PRODUCT_DEFINITION_SHAPE('','',#853);
#871=SHAPE_DEFINITION_REPRESENTATION(#851,#844);
#843=DRAUGHTING_MODEL('',(#868),#842);
#872=(NAMED_UNIT(*)PLANE_ANGLE_UNIT()SI_UNIT($,.RADIAN.));
#873=PLANE_ANGLE_MEASURE_WITH_UNIT(PLANE_ANGLE_MEASURE(0.0174532925),#872);
#874=(CONVERSION_BASED_UNIT('DEGREE',#873)NAMED_UNIT(#875)PLANE_ANGLE_UNIT());
#875=DIMENSIONAL_EXPONENTS(0.,0.,0.,0.,0.,0.,0.);
#876=(NAMED_UNIT(*)SI_UNIT($,.STERADIAN.)SOLID_ANGLE_UNIT());
#877=(LENGTH_UNIT()NAMED_UNIT(*)SI_UNIT(.MILLI.,.METRE.));
#878=UNCERTAINTY_MEASURE_WITH_UNIT(LENGTH_MEASURE(1.000000E-03),#877,'DISTANCE_ACCURACY_VALUE','Maximum Tolerance applied to model');
#879=(GEOMETRIC_REPRESENTATION_CONTEXT(3)GLOBAL_UNCERTAINTY_ASSIGNED_CONTEXT((#878))GLOBAL_UNIT_ASSIGNED_CONTEXT((#877,#874,#876))REPRESENTATION_CONTEXT('','Enclosure:1'));
#891=CARTESIAN_POINT('',(0.,0.,0.));
#892=DIRECTION('',(0.,0.,1.));
#893=DIRECTION('',(1.,0.,-0.));
#894=AXIS2_PLACEMENT_3D('',#891,#892,#893);
#895=ITEM_DEFINED_TRANSFORMATION('','',#894,#15);
#896=(REPRESENTATION_RELATIONSHIP('','',#881,#701)REPRESENTATION_RELATIONSHIP_WITH_TRANSFORMATION(#895)SHAPE_REPRESENTATION_RELATIONSHIP());
#897=NEXT_ASSEMBLY_USAGE_OCCURRENCE('Enclosure:1_6','Enclosure:1','Enclosure:1',#710,#890,$);
#898=PRODUCT_DEFINITION_SHAPE('','',#897);
#899=CONTEXT_DEPENDENT_SHAPE_REPRESENTATION(#896,#898);
#881=SHAPE_REPRESENTATION('Enclosure:1',(#15),#879);
#900=CARTESIAN_POINT('',(0.,0.,0.));
#901=DIRECTION('',(0.,0.,1.));
#902=DIRECTION('',(1.,0.,0.));
#903=AXIS2_PLACEMENT_3D('',#900,#901,#902);
#905=MAPPED_ITEM('',#904,#903);
#904=REPRESENTATION_MAP(#903,#881);
#889=PRODUCT('Enclosure:1','Enclosure:1','',(#756));
#906=PRODUCT_RELATED_PRODUCT_CATEGORY('part','',(#889));
#907=PRODUCT_DEFINITION_FORMATION_WITH_SPECIFIED_SOURCE('','',#889,.NOT_KNOWN.);
#890=PRODUCT_DEFINITION('design','',#907,#757);
#888=PRODUCT_DEFINITION_SHAPE('','',#890);
#908=SHAPE_DEFINITION_REPRESENTATION(#888,#881);
#880=DRAUGHTING_MODEL('',(#905),#879);
#909=(NAMED_UNIT(*)PLANE_ANGLE_UNIT()SI_UNIT($,.RADIAN.));
#910=PLANE_ANGLE_MEASURE_WITH_UNIT(PLANE_ANGLE_MEASURE(0.0174532925),#909);
#911=(CONVERSION_BASED_UNIT('DEGREE',#910)NAMED_UNIT(#912)PLANE_ANGLE_UNIT());
#912=DIMENSIONAL_EXPONENTS(0.,0.,0.,0.,0.,0.,0.);
#913=(NAMED_UNIT(*)SI_UNIT($,.STERADIAN.)SOLID_ANGLE_UNIT());
#914=(LENGTH_UNIT()NAMED_UNIT(*)SI_UNIT(.MILLI.,.METRE.));
#915=UNCERTAINTY_MEASURE_WITH_UNIT(LENGTH_MEASURE(1.000000E-03),#914,'DISTANCE_ACCURACY_VALUE','Maximum Tolerance applied to model');
#916=(GEOMETRIC_REPRESENTATION_CONTEXT(3)GLOBAL_UNCERTAINTY_ASSIGNED_CONTEXT((#915))GLOBAL_UNIT_ASSIGNED_CONTEXT((#914,#911,#913))REPRESENTATION_CONTEXT('',' Stainless Steel Thin-Profile Hex Nut:1'));
#928=CARTESIAN_POINT('',(0.,0.,0.));
#929=DIRECTION('',(0.,0.,1.));
#930=DIRECTION('',(1.,0.,-0.));
#931=AXIS2_PLACEMENT_3D('',#928,#929,#930);
#932=ITEM_DEFINED_TRANSFORMATION('','',#931,#15);
#933=(REPRESENTATION_RELATIONSHIP('','',#918,#701)REPRESENTATION_RELATIONSHIP_WITH_TRANSFORMATION(#932)SHAPE_REPRESENTATION_RELATIONSHIP());
#934=NEXT_ASSEMBLY_USAGE_OCCURRENCE(' Stainless Steel Thin-Profile Hex Nut:1_7',' Stainless Steel Thin-Profile Hex Nut:1',' Stainless Steel Thin-Profile Hex Nut:1',#710,#927,$);
#935=PRODUCT_DEFINITION_SHAPE('','',#934);
#936=CONTEXT_DEPENDENT_SHAPE_REPRESENTATION(#933,#935);
#918=SHAPE_REPRESENTATION(' Stainless Steel Thin-Profile Hex Nut:1',(#15),#916);
#937=CARTESIAN_POINT('',(0.,0.,0.));
#938=DIRECTION('',(0.,0.,1.));
#939=DIRECTION('',(1.,0.,0.));
#940=AXIS2_PLACEMENT_3D('',#937,#938,#939);
#942=MAPPED_ITEM('',#941,#940);
#941=REPRESENTATION_MAP(#940,#918);
#926=PRODUCT(' Stainless Steel Thin-Profile Hex Nut:1',' Stainless Steel Thin-Profile Hex Nut:1','',(#756));
#943=PRODUCT_RELATED_PRODUCT_CATEGORY('part','',(#926));
#944=PRODUCT_DEFINITION_FORMATION_WITH_SPECIFIED_SOURCE('','',#926,.NOT_KNOWN.);
#927=PRODUCT_DEFINITION('design','',#944,#757);
#925=PRODUCT_DEFINITION_SHAPE('','',#927);
#945=SHAPE_DEFINITION_REPRESENTATION(#925,#918);
#917=DRAUGHTING_MODEL('',(#942),#916);
#946=(NAMED_UNIT(*)PLANE_ANGLE_UNIT()SI_UNIT($,.RADIAN.));
#947=PLANE_ANGLE_MEASURE_WITH_UNIT(PLANE_ANGLE_MEASURE(0.0174532925),#946);
#948=(CONVERSION_BASED_UNIT('DEGREE',#947)NAMED_UNIT(#949)PLANE_ANGLE_UNIT());
#949=DIMENSIONAL_EXPONENTS(0.,0.,0.,0.,0.,0.,0.);
#950=(NAMED_UNIT(*)SI_UNIT($,.STERADIAN.)SOLID_ANGLE_UNIT());
#951=(LENGTH_UNIT()NAMED_UNIT(*)SI_UNIT(.MILLI.,.METRE.));
#952=UNCERTAINTY_MEASURE_WITH_UNIT(LENGTH_MEASURE(1.000000E-03),#951,'DISTANCE_ACCURACY_VALUE','Maximum Tolerance applied to model');
#953=(GEOMETRIC_REPRESENTATION_CONTEXT(3)GLOBAL_UNCERTAINTY_ASSIGNED_CONTEXT((#952))GLOBAL_UNIT_ASSIGNED_CONTEXT((#951,#948,#950))REPRESENTATION_CONTEXT('','Stainless Steel Cup-Point Set Screw:1'));
#965=CARTESIAN_POINT('',(0.,0.,0.));
#966=DIRECTION('',(0.,0.,1.));
#967=DIRECTION('',(1.,0.,-0.));
#968=AXIS2_PLACEMENT_3D('',#965,#966,#967);
#969=ITEM_DEFINED_TRANSFORMATION('','',#968,#15);
#970=(REPRESENTATION_RELATIONSHIP('','',#955,#701)REPRESENTATION_RELATIONSHIP_WITH_TRANSFORMATION(#969)SHAPE_REPRESENTATION_RELATIONSHIP());
#971=NEXT_ASSEMBLY_USAGE_OCCURRENCE('Stainless Steel Cup-Point Set Screw:1_8','Stainless Steel Cup-Point Set Screw:1','Stainless Steel Cup-Point Set Screw:1',#710,#964,$);
#972=PRODUCT_DEFINITION_SHAPE('','',#971);
#973=CONTEXT_DEPENDENT_SHAPE_REPRESENTATION(#970,#972);
#955=SHAPE_REPRESENTATION('Stainless Steel Cup-Point Set Screw:1',(#15),#953);
#974=CARTESIAN_POINT('',(0.,0.,0.));
#975=DIRECTION('',(0.,0.,1.));
#976=DIRECTION('',(1.,0.,0.));
#977=AXIS2_PLACEMENT_3D('',#974,#975,#976);
#979=MAPPED_ITEM('',#978,#977);
#978=REPRESENTATION_MAP(#977,#955);
#963=PRODUCT('Stainless Steel Cup-Point Set Screw:1','Stainless Steel Cup-Point Set Screw:1','',(#756));
#980=PRODUCT_RELATED_PRODUCT_CATEGORY('part','',(#963));
#981=PRODUCT_DEFINITION_FORMATION_WITH_SPECIFIED_SOURCE('','',#963,.NOT_KNOWN.);
#964=PRODUCT_DEFINITION('design','',#981,#757);
#962=PRODUCT_DEFINITION_SHAPE('','',#964);
#982=SHAPE_DEFINITION_REPRESENTATION(#962,#955);
#954=DRAUGHTING_MODEL('',(#979),#953);
#983=(NAMED_UNIT(*)PLANE_ANGLE_UNIT()SI_UNIT($,.RADIAN.));
#984=PLANE_ANGLE_MEASURE_WITH_UNIT(PLANE_ANGLE_MEASURE(0.0174532925),#983);
#985=(CONVERSION_BASED_UNIT('DEGREE',#984)NAMED_UNIT(#986)PLANE_ANGLE_UNIT());
#986=DIMENSIONAL_EXPONENTS(0.,0.,0.,0.,0.,0.,0.);
#987=(NAMED_UNIT(*)SI_UNIT($,.STERADIAN.)SOLID_ANGLE_UNIT());
#988=(LENGTH_UNIT()NAMED_UNIT(*)SI_UNIT(.MILLI.,.METRE.));
#989=UNCERTAINTY_MEASURE_WITH_UNIT(LENGTH_MEASURE(1.000000E-03),#988,'DISTANCE_ACCURACY_VALUE','Maximum Tolerance applied to model');
#990=(GEOMETRIC_REPRESENTATION_CONTEXT(3)GLOBAL_UNCERTAINTY_ASSIGNED_CONTEXT((#989))GLOBAL_UNIT_ASSIGNED_CONTEXT((#988,#985,#987))REPRESENTATION_CONTEXT('',' Stainless Steel Pan Head Phillips Screws:1'));
#1002=CARTESIAN_POINT('',(0.,0.,0.));
#1003=DIRECTION('',(0.,0.,1.));
#1004=DIRECTION('',(1.,0.,-0.));
#1005=AXIS2_PLACEMENT_3D('',#1002,#1003,#1004);
#1006=ITEM_DEFINED_TRANSFORMATION('','',#1005,#15);
#1007=(REPRESENTATION_RELATIONSHIP('','',#992,#701)REPRESENTATION_RELATIONSHIP_WITH_TRANSFORMATION(#1006)SHAPE_REPRESENTATION_RELATIONSHIP());
#1008=NEXT_ASSEMBLY_USAGE_OCCURRENCE(' Stainless Steel Pan Head Phillips Screws:1_9',' Stainless Steel Pan Head Phillips Screws:1',' Stainless Steel Pan Head Phillips Screws:1',#710,#1001,$);
#1009=PRODUCT_DEFINITION_SHAPE('','',#1008);
#1010=CONTEXT_DEPENDENT_SHAPE_REPRESENTATION(#1007,#1009);
#992=SHAPE_REPRESENTATION(' Stainless Steel Pan Head Phillips Screws:1',(#15),#990);
#1011=CARTESIAN_POINT('',(0.,0.,0.));
#1012=DIRECTION('',(0.,0.,1.));
#1013=DIRECTION('',(1.,0.,0.));
#1014=AXIS2_PLACEMENT_3D('',#1011,#1012,#1013);
#1016=MAPPED_ITEM('',#1015,#1014);
#1015=REPRESENTATION_MAP(#1014,#992);
#1000=PRODUCT(' Stainless Steel Pan Head Phillips Screws:1',' Stainless Steel Pan Head Phillips Screws:1','',(#756));
#1017=PRODUCT_RELATED_PRODUCT_CATEGORY('part','',(#1000));
#1018=PRODUCT_DEFINITION_FORMATION_WITH_SPECIFIED_SOURCE('','',#1000,.NOT_KNOWN.);
#1001=PRODUCT_DEFINITION('design','',#1018,#757);
#999=PRODUCT_DEFINITION_SHAPE('','',#1001);
#1019=SHAPE_DEFINITION_REPRESENTATION(#999,#992);
#991=DRAUGHTING_MODEL('',(#1016),#990);
#701=SHAPE_REPRESENTATION('DIY Encoder.step',(#15,#742,#783,#820,#857,#894,#931,#968,#1005),#699);
#1020=CARTESIAN_POINT('',(0.,0.,0.));
#1021=DIRECTION('',(0.,0.,1.));
#1022=DIRECTION('',(1.,0.,0.));
#1023=AXIS2_PLACEMENT_3D('',#1020,#1021,#1022);
#1025=MAPPED_ITEM('',#1024,#1023);
#1024=REPRESENTATION_MAP(#1023,#701);
#709=PRODUCT('DIY Encoder.step','DIY Encoder.step','',(#756));
#1026=PRODUCT_RELATED_PRODUCT_CATEGORY('part','',(#709));
#1027=PRODUCT_DEFINITION_FORMATION_WITH_SPECIFIED_SOURCE('','',#709,.NOT_KNOWN.);
#710=PRODUCT_DEFINITION('design','',#1027,#757);
#708=PRODUCT_DEFINITION_SHAPE('','',#710);
#1028=SHAPE_DEFINITION_REPRESENTATION(#708,#701);
#700=DRAUGHTING_MODEL('',(#1025),#699);
#1029=(NAMED_UNIT(*)PLANE_ANGLE_UNIT()SI_UNIT($,.RADIAN.));
#1030=PLANE_ANGLE_MEASURE_WITH_UNIT(PLANE_ANGLE_MEASURE(0.0174532925),#1029);
#1031=(CONVERSION_BASED_UNIT('DEGREE',#1030)NAMED_UNIT(#1032)PLANE_ANGLE_UNIT());
#1032=DIMENSIONAL_EXPONENTS(0.,0.,0.,0.,0.,0.,0.);
#1033=(NAMED_UNIT(*)SI_UNIT($,.STERADIAN.)SOLID_ANGLE_UNIT());
#1034=(LENGTH_UNIT()NAMED_UNIT(*)SI_UNIT(.MILLI.,.METRE.));
#1035=UNCERTAINTY_MEASURE_WITH_UNIT(LENGTH_MEASURE(1.000000E-03),#1034,'DISTANCE_ACCURACY_VALUE','Maximum Tolerance applied to model');
#1036=(GEOMETRIC_REPRESENTATION_CONTEXT(3)GLOBAL_UNCERTAINTY_ASSIGNED_CONTEXT((#1035))GLOBAL_UNIT_ASSIGNED_CONTEXT((#1034,#1031,#1033))REPRESENTATION_CONTEXT('','r2_100.STEP'));
#1048=CARTESIAN_POINT('',(0.,0.,0.));
#1049=DIRECTION('',(0.,0.,1.));
#1050=DIRECTION('',(1.,0.,-0.));
#1051=AXIS2_PLACEMENT_3D('',#1048,#1049,#1050);
#1052=ITEM_DEFINED_TRANSFORMATION('','',#1051,#15);
#1053=(REPRESENTATION_RELATIONSHIP('','',#1038,#16)REPRESENTATION_RELATIONSHIP_WITH_TRANSFORMATION(#1052)SHAPE_REPRESENTATION_RELATIONSHIP());
#1054=NEXT_ASSEMBLY_USAGE_OCCURRENCE('r2_100.STEP_10','r2_100.STEP','r2_100.STEP',#25,#1047,$);
#1055=PRODUCT_DEFINITION_SHAPE('','',#1054);
#1056=CONTEXT_DEPENDENT_SHAPE_REPRESENTATION(#1053,#1055);
#1038=SHAPE_REPRESENTATION('r2_100.STEP',(#15),#1036);
#1057=CARTESIAN_POINT('',(0.,0.,0.));
#1058=DIRECTION('',(0.,0.,1.));
#1059=DIRECTION('',(1.,0.,0.));
#1060=AXIS2_PLACEMENT_3D('',#1057,#1058,#1059);
#1062=MAPPED_ITEM('',#1061,#1060);
#1061=REPRESENTATION_MAP(#1060,#1038);
#1046=PRODUCT('r2_100.STEP','r2_100.STEP','',(#756));
#1063=PRODUCT_RELATED_PRODUCT_CATEGORY('part','',(#1046));
#1064=PRODUCT_DEFINITION_FORMATION_WITH_SPECIFIED_SOURCE('','',#1046,.NOT_KNOWN.);
#1047=PRODUCT_DEFINITION('design','',#1064,#757);
#1045=PRODUCT_DEFINITION_SHAPE('','',#1047);
#1065=SHAPE_DEFINITION_REPRESENTATION(#1045,#1038);
#1037=DRAUGHTING_MODEL('',(#1062),#1036);
#1066=(NAMED_UNIT(*)PLANE_ANGLE_UNIT()SI_UNIT($,.RADIAN.));
#1067=PLANE_ANGLE_MEASURE_WITH_UNIT(PLANE_ANGLE_MEASURE(0.0174532925),#1066);
#1068=(CONVERSION_BASED_UNIT('DEGREE',#1067)NAMED_UNIT(#1069)PLANE_ANGLE_UNIT());
#1069=DIMENSIONAL_EXPONENTS(0.,0.,0.,0.,0.,0.,0.);
#1070=(NAMED_UNIT(*)SI_UNIT($,.STERADIAN.)SOLID_ANGLE_UNIT());
#1071=(LENGTH_UNIT()NAMED_UNIT(*)SI_UNIT(.MILLI.,.METRE.));
#1072=UNCERTAINTY_MEASURE_WITH_UNIT(LENGTH_MEASURE(1.000000E-03),#1071,'DISTANCE_ACCURACY_VALUE','Maximum Tolerance applied to model');
#1073=(GEOMETRIC_REPRESENTATION_CONTEXT(3)GLOBAL_UNCERTAINTY_ASSIGNED_CONTEXT((#1072))GLOBAL_UNIT_ASSIGNED_CONTEXT((#1071,#1068,#1070))REPRESENTATION_CONTEXT('','r2_100.STEP'));
#1085=CARTESIAN_POINT('',(0.,0.,0.));
#1086=DIRECTION('',(0.,0.,1.));
#1087=DIRECTION('',(1.,0.,-0.));
#1088=AXIS2_PLACEMENT_3D('',#1085,#1086,#1087);
#1089=ITEM_DEFINED_TRANSFORMATION('','',#1088,#15);
#1090=(REPRESENTATION_RELATIONSHIP('','',#1075,#16)REPRESENTATION_RELATIONSHIP_WITH_TRANSFORMATION(#1089)SHAPE_REPRESENTATION_RELATIONSHIP());
#1091=NEXT_ASSEMBLY_USAGE_OCCURRENCE('r2_100.STEP_11','r2_100.STEP','r2_100.STEP',#25,#1084,$);
#1092=PRODUCT_DEFINITION_SHAPE('','',#1091);
#1093=CONTEXT_DEPENDENT_SHAPE_REPRESENTATION(#1090,#1092);
#1075=SHAPE_REPRESENTATION('r2_100.STEP',(#15),#1073);
#1094=CARTESIAN_POINT('',(0.,0.,0.));
#1095=DIRECTION('',(0.,0.,1.));
#1096=DIRECTION('',(1.,0.,0.));
#1097=AXIS2_PLACEMENT_3D('',#1094,#1095,#1096);
#1099=MAPPED_ITEM('',#1098,#1097);
#1098=REPRESENTATION_MAP(#1097,#1075);
#1083=PRODUCT('r2_100.STEP','r2_100.STEP','',(#756));
#1100=PRODUCT_RELATED_PRODUCT_CATEGORY('part','',(#1083));
#1101=PRODUCT_DEFINITION_FORMATION_WITH_SPECIFIED_SOURCE('','',#1083,.NOT_KNOWN.);
#1084=PRODUCT_DEFINITION('design','',#1101,#757);
#1082=PRODUCT_DEFINITION_SHAPE('','',#1084);
#1102=SHAPE_DEFINITION_REPRESENTATION(#1082,#1075);
#1074=DRAUGHTING_MODEL('',(#1099),#1073);
#1103=(NAMED_UNIT(*)PLANE_ANGLE_UNIT()SI_UNIT($,.RADIAN.));
#1104=PLANE_ANGLE_MEASURE_WITH_UNIT(PLANE_ANGLE_MEASURE(0.0174532925),#1103);
#1105=(CONVERSION_BASED_UNIT('DEGREE',#1104)NAMED_UNIT(#1106)PLANE_ANGLE_UNIT());
#1106=DIMENSIONAL_EXPONENTS(0.,0.,0.,0.,0.,0.,0.);
#1107=(NAMED_UNIT(*)SI_UNIT($,.STERADIAN.)SOLID_ANGLE_UNIT());
#1108=(LENGTH_UNIT()NAMED_UNIT(*)SI_UNIT(.MILLI.,.METRE.));
#1109=UNCERTAINTY_MEASURE_WITH_UNIT(LENGTH_MEASURE(1.000000E-03),#1108,'DISTANCE_ACCURACY_VALUE','Maximum Tolerance applied to model');
#1110=(GEOMETRIC_REPRESENTATION_CONTEXT(3)GLOBAL_UNCERTAINTY_ASSIGNED_CONTEXT((#1109))GLOBAL_UNIT_ASSIGNED_CONTEXT((#1108,#1105,#1107))REPRESENTATION_CONTEXT('','r1_100.STEP'));
#1122=CARTESIAN_POINT('',(0.,0.,0.));
#1123=DIRECTION('',(0.,0.,1.));
#1124=DIRECTION('',(1.,0.,-0.));
#1125=AXIS2_PLACEMENT_3D('',#1122,#1123,#1124);
#1126=ITEM_DEFINED_TRANSFORMATION('','',#1125,#15);
#1127=(REPRESENTATION_RELATIONSHIP('','',#1112,#16)REPRESENTATION_RELATIONSHIP_WITH_TRANSFORMATION(#1126)SHAPE_REPRESENTATION_RELATIONSHIP());
#1128=NEXT_ASSEMBLY_USAGE_OCCURRENCE('r1_100.STEP_12','r1_100.STEP','r1_100.STEP',#25,#1121,$);
#1129=PRODUCT_DEFINITION_SHAPE('','',#1128);
#1130=CONTEXT_DEPENDENT_SHAPE_REPRESENTATION(#1127,#1129);
#1112=SHAPE_REPRESENTATION('r1_100.STEP',(#15),#1110);
#1131=CARTESIAN_POINT('',(0.,0.,0.));
#1132=DIRECTION('',(0.,0.,1.));
#1133=DIRECTION('',(1.,0.,0.));
#1134=AXIS2_PLACEMENT_3D('',#1131,#1132,#1133);
#1136=MAPPED_ITEM('',#1135,#1134);
#1135=REPRESENTATION_MAP(#1134,#1112);
#1120=PRODUCT('r1_100.STEP','r1_100.STEP','',(#756));
#1137=PRODUCT_RELATED_PRODUCT_CATEGORY('part','',(#1120));
#1138=PRODUCT_DEFINITION_FORMATION_WITH_SPECIFIED_SOURCE('','',#1120,.NOT_KNOWN.);
#1121=PRODUCT_DEFINITION('design','',#1138,#757);
#1119=PRODUCT_DEFINITION_SHAPE('','',#1121);
#1139=SHAPE_DEFINITION_REPRESENTATION(#1119,#1112);
#1111=DRAUGHTING_MODEL('',(#1136),#1110);
#1140=(NAMED_UNIT(*)PLANE_ANGLE_UNIT()SI_UNIT($,.RADIAN.));
#1141=PLANE_ANGLE_MEASURE_WITH_UNIT(PLANE_ANGLE_MEASURE(0.0174532925),#1140);
#1142=(CONVERSION_BASED_UNIT('DEGREE',#1141)NAMED_UNIT(#1143)PLANE_ANGLE_UNIT());
#1143=DIMENSIONAL_EXPONENTS(0.,0.,0.,0.,0.,0.,0.);
#1144=(NAMED_UNIT(*)SI_UNIT($,.STERADIAN.)SOLID_ANGLE_UNIT());
#1145=(LENGTH_UNIT()NAMED_UNIT(*)SI_UNIT(.MILLI.,.METRE.));
#1146=UNCERTAINTY_MEASURE_WITH_UNIT(LENGTH_MEASURE(1.000000E-03),#1145,'DISTANCE_ACCURACY_VALUE','Maximum Tolerance applied to model');
#1147=(GEOMETRIC_REPRESENTATION_CONTEXT(3)GLOBAL_UNCERTAINTY_ASSIGNED_CONTEXT((#1146))GLOBAL_UNIT_ASSIGNED_CONTEXT((#1145,#1142,#1144))REPRESENTATION_CONTEXT('','.step'));
#1159=CARTESIAN_POINT('',(0.,0.,0.));
#1160=DIRECTION('',(0.,0.,1.));
#1161=DIRECTION('',(1.,0.,-0.));
#1162=AXIS2_PLACEMENT_3D('',#1159,#1160,#1161);
#1163=ITEM_DEFINED_TRANSFORMATION('','',#1162,#15);
#1164=(REPRESENTATION_RELATIONSHIP('','',#1149,#16)REPRESENTATION_RELATIONSHIP_WITH_TRANSFORMATION(#1163)SHAPE_REPRESENTATION_RELATIONSHIP());
#1165=NEXT_ASSEMBLY_USAGE_OCCURRENCE('.step_13','.step','.step',#25,#1158,$);
#1166=PRODUCT_DEFINITION_SHAPE('','',#1165);
#1167=CONTEXT_DEPENDENT_SHAPE_REPRESENTATION(#1164,#1166);
#1168=(NAMED_UNIT(*)PLANE_ANGLE_UNIT()SI_UNIT($,.RADIAN.));
#1169=PLANE_ANGLE_MEASURE_WITH_UNIT(PLANE_ANGLE_MEASURE(0.0174532925),#1168);
#1170=(CONVERSION_BASED_UNIT('DEGREE',#1169)NAMED_UNIT(#1171)PLANE_ANGLE_UNIT());
#1171=DIMENSIONAL_EXPONENTS(0.,0.,0.,0.,0.,0.,0.);
#1172=(NAMED_UNIT(*)SI_UNIT($,.STERADIAN.)SOLID_ANGLE_UNIT());
#1173=(LENGTH_UNIT()NAMED_UNIT(*)SI_UNIT(.MILLI.,.METRE.));
#1174=UNCERTAINTY_MEASURE_WITH_UNIT(LENGTH_MEASURE(1.000000E-03),#1173,'DISTANCE_ACCURACY_VALUE','Maximum Tolerance applied to model');
#1175=(GEOMETRIC_REPRESENTATION_CONTEXT(3)GLOBAL_UNCERTAINTY_ASSIGNED_CONTEXT((#1174))GLOBAL_UNIT_ASSIGNED_CONTEXT((#1173,#1170,#1172))REPRESENTATION_CONTEXT('','MX_PCB'));
#1187=CARTESIAN_POINT('',(0.,0.,0.));
#1188=DIRECTION('',(0.,0.,1.));
#1189=DIRECTION('',(1.,0.,-0.));
#1190=AXIS2_PLACEMENT_3D('',#1187,#1188,#1189);
#1191=ITEM_DEFINED_TRANSFORMATION('','',#1190,#15);
#1192=(REPRESENTATION_RELATIONSHIP('','',#1177,#1149)REPRESENTATION_RELATIONSHIP_WITH_TRANSFORMATION(#1191)SHAPE_REPRESENTATION_RELATIONSHIP());
#1193=NEXT_ASSEMBLY_USAGE_OCCURRENCE('MX_PCB_14','MX_PCB','MX_PCB',#1158,#1186,$);
#1194=PRODUCT_DEFINITION_SHAPE('','',#1193);
#1195=CONTEXT_DEPENDENT_SHAPE_REPRESENTATION(#1192,#1194);
#1177=SHAPE_REPRESENTATION('MX_PCB',(#15),#1175);
#1196=CARTESIAN_POINT('',(0.,0.,0.));
#1197=DIRECTION('',(0.,0.,1.));
#1198=DIRECTION('',(1.,0.,0.));
#1199=AXIS2_PLACEMENT_3D('',#1196,#1197,#1198);
#1201=MAPPED_ITEM('',#1200,#1199);
#1200=REPRESENTATION_MAP(#1199,#1177);
#1185=PRODUCT('MX_PCB','MX_PCB','',(#756));
#1202=PRODUCT_RELATED_PRODUCT_CATEGORY('part','',(#1185));
#1203=PRODUCT_DEFINITION_FORMATION_WITH_SPECIFIED_SOURCE('','',#1185,.NOT_KNOWN.);
#1186=PRODUCT_DEFINITION('design','',#1203,#757);
#1184=PRODUCT_DEFINITION_SHAPE('','',#1186);
#1204=SHAPE_DEFINITION_REPRESENTATION(#1184,#1177);
#1176=DRAUGHTING_MODEL('',(#1201),#1175);
#1205=(NAMED_UNIT(*)PLANE_ANGLE_UNIT()SI_UNIT($,.RADIAN.));
#1206=PLANE_ANGLE_MEASURE_WITH_UNIT(PLANE_ANGLE_MEASURE(0.0174532925),#1205);
#1207=(CONVERSION_BASED_UNIT('DEGREE',#1206)NAMED_UNIT(#1208)PLANE_ANGLE_UNIT());
#1208=DIMENSIONAL_EXPONENTS(0.,0.,0.,0.,0.,0.,0.);
#1209=(NAMED_UNIT(*)SI_UNIT($,.STERADIAN.)SOLID_ANGLE_UNIT());
#1210=(LENGTH_UNIT()NAMED_UNIT(*)SI_UNIT(.MILLI.,.METRE.));
#1211=UNCERTAINTY_MEASURE_WITH_UNIT(LENGTH_MEASURE(1.000000E-03),#1210,'DISTANCE_ACCURACY_VALUE','Maximum Tolerance applied to model');
#1212=(GEOMETRIC_REPRESENTATION_CONTEXT(3)GLOBAL_UNCERTAINTY_ASSIGNED_CONTEXT((#1211))GLOBAL_UNIT_ASSIGNED_CONTEXT((#1210,#1207,#1209))REPRESENTATION_CONTEXT('','MX_PCB'));
#1224=CARTESIAN_POINT('',(0.,0.,0.));
#1225=DIRECTION('',(0.,0.,1.));
#1226=DIRECTION('',(1.,0.,-0.));
#1227=AXIS2_PLACEMENT_3D('',#1224,#1225,#1226);
#1228=ITEM_DEFINED_TRANSFORMATION('','',#1227,#15);
#1229=(REPRESENTATION_RELATIONSHIP('','',#1214,#1149)REPRESENTATION_RELATIONSHIP_WITH_TRANSFORMATION(#1228)SHAPE_REPRESENTATION_RELATIONSHIP());
#1230=NEXT_ASSEMBLY_USAGE_OCCURRENCE('MX_PCB_15','MX_PCB','MX_PCB',#1158,#1223,$);
#1231=PRODUCT_DEFINITION_SHAPE('','',#1230);
#1232=CONTEXT_DEPENDENT_SHAPE_REPRESENTATION(#1229,#1231);
#1214=SHAPE_REPRESENTATION('MX_PCB',(#15),#1212);
#1233=CARTESIAN_POINT('',(0.,0.,0.));
#1234=DIRECTION('',(0.,0.,1.));
#1235=DIRECTION('',(1.,0.,0.));
#1236=AXIS2_PLACEMENT_3D('',#1233,#1234,#1235);
#1238=MAPPED_ITEM('',#1237,#1236);
#1237=REPRESENTATION_MAP(#1236,#1214);
#1222=PRODUCT('MX_PCB','MX_PCB','',(#756));
#1239=PRODUCT_RELATED_PRODUCT_CATEGORY('part','',(#1222));
#1240=PRODUCT_DEFINITION_FORMATION_WITH_SPECIFIED_SOURCE('','',#1222,.NOT_KNOWN.);
#1223=PRODUCT_DEFINITION('design','',#1240,#757);
#1221=PRODUCT_DEFINITION_SHAPE('','',#1223);
#1241=SHAPE_DEFINITION_REPRESENTATION(#1221,#1214);
#1213=DRAUGHTING_MODEL('',(#1238),#1212);
#1242=(NAMED_UNIT(*)PLANE_ANGLE_UNIT()SI_UNIT($,.RADIAN.));
#1243=PLANE_ANGLE_MEASURE_WITH_UNIT(PLANE_ANGLE_MEASURE(0.0174532925),#1242);
#1244=(CONVERSION_BASED_UNIT('DEGREE',#1243)NAMED_UNIT(#1245)PLANE_ANGLE_UNIT());
#1245=DIMENSIONAL_EXPONENTS(0.,0.,0.,0.,0.,0.,0.);
#1246=(NAMED_UNIT(*)SI_UNIT($,.STERADIAN.)SOLID_ANGLE_UNIT());
#1247=(LENGTH_UNIT()NAMED_UNIT(*)SI_UNIT(.MILLI.,.METRE.));
#1248=UNCERTAINTY_MEASURE_WITH_UNIT(LENGTH_MEASURE(1.000000E-03),#1247,'DISTANCE_ACCURACY_VALUE','Maximum Tolerance applied to model');
#1249=(GEOMETRIC_REPRESENTATION_CONTEXT(3)GLOBAL_UNCERTAINTY_ASSIGNED_CONTEXT((#1248))GLOBAL_UNIT_ASSIGNED_CONTEXT((#1247,#1244,#1246))REPRESENTATION_CONTEXT('','MX_PCB'));
#1261=CARTESIAN_POINT('',(0.,0.,0.));
#1262=DIRECTION('',(0.,0.,1.));
#1263=DIRECTION('',(1.,0.,-0.));
#1264=AXIS2_PLACEMENT_3D('',#1261,#1262,#1263);
#1265=ITEM_DEFINED_TRANSFORMATION('','',#1264,#15);
#1266=(REPRESENTATION_RELATIONSHIP('','',#1251,#1149)REPRESENTATION_RELATIONSHIP_WITH_TRANSFORMATION(#1265)SHAPE_REPRESENTATION_RELATIONSHIP());
#1267=NEXT_ASSEMBLY_USAGE_OCCURRENCE('MX_PCB_16','MX_PCB','MX_PCB',#1158,#1260,$);
#1268=PRODUCT_DEFINITION_SHAPE('','',#1267);
#1269=CONTEXT_DEPENDENT_SHAPE_REPRESENTATION(#1266,#1268);
#1251=SHAPE_REPRESENTATION('MX_PCB',(#15),#1249);
#1270=CARTESIAN_POINT('',(0.,0.,0.));
#1271=DIRECTION('',(0.,0.,1.));
#1272=DIRECTION('',(1.,0.,0.));
#1273=AXIS2_PLACEMENT_3D('',#1270,#1271,#1272);
#1275=MAPPED_ITEM('',#1274,#1273);
#1274=REPRESENTATION_MAP(#1273,#1251);
#1259=PRODUCT('MX_PCB','MX_PCB','',(#756));
#1276=PRODUCT_RELATED_PRODUCT_CATEGORY('part','',(#1259));
#1277=PRODUCT_DEFINITION_FORMATION_WITH_SPECIFIED_SOURCE('','',#1259,.NOT_KNOWN.);
#1260=PRODUCT_DEFINITION('design','',#1277,#757);
#1258=PRODUCT_DEFINITION_SHAPE('','',#1260);
#1278=SHAPE_DEFINITION_REPRESENTATION(#1258,#1251);
#1250=DRAUGHTING_MODEL('',(#1275),#1249);
#1279=(NAMED_UNIT(*)PLANE_ANGLE_UNIT()SI_UNIT($,.RADIAN.));
#1280=PLANE_ANGLE_MEASURE_WITH_UNIT(PLANE_ANGLE_MEASURE(0.0174532925),#1279);
#1281=(CONVERSION_BASED_UNIT('DEGREE',#1280)NAMED_UNIT(#1282)PLANE_ANGLE_UNIT());
#1282=DIMENSIONAL_EXPONENTS(0.,0.,0.,0.,0.,0.,0.);
#1283=(NAMED_UNIT(*)SI_UNIT($,.STERADIAN.)SOLID_ANGLE_UNIT());
#1284=(LENGTH_UNIT()NAMED_UNIT(*)SI_UNIT(.MILLI.,.METRE.));
#1285=UNCERTAINTY_MEASURE_WITH_UNIT(LENGTH_MEASURE(1.000000E-03),#1284,'DISTANCE_ACCURACY_VALUE','Maximum Tolerance applied to model');
#1286=(GEOMETRIC_REPRESENTATION_CONTEXT(3)GLOBAL_UNCERTAINTY_ASSIGNED_CONTEXT((#1285))GLOBAL_UNIT_ASSIGNED_CONTEXT((#1284,#1281,#1283))REPRESENTATION_CONTEXT('','OLED_128x32'));
#1298=CARTESIAN_POINT('',(0.,0.,0.));
#1299=DIRECTION('',(0.,0.,1.));
#1300=DIRECTION('',(1.,0.,-0.));
#1301=AXIS2_PLACEMENT_3D('',#1298,#1299,#1300);
#1302=ITEM_DEFINED_TRANSFORMATION('','',#1301,#15);
#1303=(REPRESENTATION_RELATIONSHIP('','',#1288,#1149)REPRESENTATION_RELATIONSHIP_WITH_TRANSFORMATION(#1302)SHAPE_REPRESENTATION_RELATIONSHIP());
#1304=NEXT_ASSEMBLY_USAGE_OCCURRENCE('OLED_128x32_17','OLED_128x32','OLED_128x32',#1158,#1297,$);
#1305=PRODUCT_DEFINITION_SHAPE('','',#1304);
#1306=CONTEXT_DEPENDENT_SHAPE_REPRESENTATION(#1303,#1305);
#1307=(NAMED_UNIT(*)PLANE_ANGLE_UNIT()SI_UNIT($,.RADIAN.));
#1308=PLANE_ANGLE_MEASURE_WITH_UNIT(PLANE_ANGLE_MEASURE(0.0174532925),#1307);
#1309=(CONVERSION_BASED_UNIT('DEGREE',#1308)NAMED_UNIT(#1310)PLANE_ANGLE_UNIT());
#1310=DIMENSIONAL_EXPONENTS(0.,0.,0.,0.,0.,0.,0.);
#1311=(NAMED_UNIT(*)SI_UNIT($,.STERADIAN.)SOLID_ANGLE_UNIT());
#1312=(LENGTH_UNIT()NAMED_UNIT(*)SI_UNIT(.MILLI.,.METRE.));
#1313=UNCERTAINTY_MEASURE_WITH_UNIT(LENGTH_MEASURE(1.000000E-03),#1312,'DISTANCE_ACCURACY_VALUE','Maximum Tolerance applied to model');
#1314=(GEOMETRIC_REPRESENTATION_CONTEXT(3)GLOBAL_UNCERTAINTY_ASSIGNED_CONTEXT((#1313))GLOBAL_UNIT_ASSIGNED_CONTEXT((#1312,#1309,#1311))REPRESENTATION_CONTEXT('','OLED_0.91_128x32'));
#1326=CARTESIAN_POINT('',(0.,0.,0.));
#1327=DIRECTION('',(0.,0.,1.));
#1328=DIRECTION('',(1.,0.,-0.));
#1329=AXIS2_PLACEMENT_3D('',#1326,#1327,#1328);
#1330=ITEM_DEFINED_TRANSFORMATION('','',#1329,#15);
#1331=(REPRESENTATION_RELATIONSHIP('','',#1316,#1288)REPRESENTATION_RELATIONSHIP_WITH_TRANSFORMATION(#1330)SHAPE_REPRESENTATION_RELATIONSHIP());
#1332=NEXT_ASSEMBLY_USAGE_OCCURRENCE('OLED_0.91_128x32_18','OLED_0.91_128x32','OLED_0.91_128x32',#1297,#1325,$);
#1333=PRODUCT_DEFINITION_SHAPE('','',#1332);
#1334=CONTEXT_DEPENDENT_SHAPE_REPRESENTATION(#1331,#1333);
#1316=SHAPE_REPRESENTATION('OLED_0.91_128x32',(#15),#1314);
#1335=CARTESIAN_POINT('',(0.,0.,0.));
#1336=DIRECTION('',(0.,0.,1.));
#1337=DIRECTION('',(1.,0.,0.));
#1338=AXIS2_PLACEMENT_3D('',#1335,#1336,#1337);
#1340=MAPPED_ITEM('',#1339,#1338);
#1339=REPRESENTATION_MAP(#1338,#1316);
#1324=PRODUCT('OLED_0.91_128x32','OLED_0.91_128x32','',(#756));
#1341=PRODUCT_RELATED_PRODUCT_CATEGORY('part','',(#1324));
#1342=PRODUCT_DEFINITION_FORMATION_WITH_SPECIFIED_SOURCE('','',#1324,.NOT_KNOWN.);
#1325=PRODUCT_DEFINITION('design','',#1342,#757);
#1323=PRODUCT_DEFINITION_SHAPE('','',#1325);
#1343=SHAPE_DEFINITION_REPRESENTATION(#1323,#1316);
#1315=DRAUGHTING_MODEL('',(#1340),#1314);
#1344=(NAMED_UNIT(*)PLANE_ANGLE_UNIT()SI_UNIT($,.RADIAN.));
#1345=PLANE_ANGLE_MEASURE_WITH_UNIT(PLANE_ANGLE_MEASURE(0.0174532925),#1344);
#1346=(CONVERSION_BASED_UNIT('DEGREE',#1345)NAMED_UNIT(#1347)PLANE_ANGLE_UNIT());
#1347=DIMENSIONAL_EXPONENTS(0.,0.,0.,0.,0.,0.,0.);
#1348=(NAMED_UNIT(*)SI_UNIT($,.STERADIAN.)SOLID_ANGLE_UNIT());
#1349=(LENGTH_UNIT()NAMED_UNIT(*)SI_UNIT(.MILLI.,.METRE.));
#1350=UNCERTAINTY_MEASURE_WITH_UNIT(LENGTH_MEASURE(1.000000E-03),#1349,'DISTANCE_ACCURACY_VALUE','Maximum Tolerance applied to model');
#1351=(GEOMETRIC_REPRESENTATION_CONTEXT(3)GLOBAL_UNCERTAINTY_ASSIGNED_CONTEXT((#1350))GLOBAL_UNIT_ASSIGNED_CONTEXT((#1349,#1346,#1348))REPRESENTATION_CONTEXT('','Pin Header 4 x 1 TH 2.54mm Pitch'));
#1363=CARTESIAN_POINT('',(0.,0.,0.));
#1364=DIRECTION('',(0.,0.,1.));
#1365=DIRECTION('',(1.,0.,-0.));
#1366=AXIS2_PLACEMENT_3D('',#1363,#1364,#1365);
#1367=ITEM_DEFINED_TRANSFORMATION('','',#1366,#15);
#1368=(REPRESENTATION_RELATIONSHIP('','',#1353,#1288)REPRESENTATION_RELATIONSHIP_WITH_TRANSFORMATION(#1367)SHAPE_REPRESENTATION_RELATIONSHIP());
#1369=NEXT_ASSEMBLY_USAGE_OCCURRENCE('Pin Header 4 x 1 TH 2.54mm Pitch_19','Pin Header 4 x 1 TH 2.54mm Pitch','Pin Header 4 x 1 TH 2.54mm Pitch',#1297,#1362,$);
#1370=PRODUCT_DEFINITION_SHAPE('','',#1369);
#1371=CONTEXT_DEPENDENT_SHAPE_REPRESENTATION(#1368,#1370);
#1353=SHAPE_REPRESENTATION('Pin Header 4 x 1 TH 2.54mm Pitch',(#15),#1351);
#1372=CARTESIAN_POINT('',(0.,0.,0.));
#1373=DIRECTION('',(0.,0.,1.));
#1374=DIRECTION('',(1.,0.,0.));
#1375=AXIS2_PLACEMENT_3D('',#1372,#1373,#1374);
#1377=MAPPED_ITEM('',#1376,#1375);
#1376=REPRESENTATION_MAP(#1375,#1353);
#1361=PRODUCT('Pin Header 4 x 1 TH 2.54mm Pitch','Pin Header 4 x 1 TH 2.54mm Pitch','',(#756));
#1378=PRODUCT_RELATED_PRODUCT_CATEGORY('part','',(#1361));
#1379=PRODUCT_DEFINITION_FORMATION_WITH_SPECIFIED_SOURCE('','',#1361,.NOT_KNOWN.);
#1362=PRODUCT_DEFINITION('design','',#1379,#757);
#1360=PRODUCT_DEFINITION_SHAPE('','',#1362);
#1380=SHAPE_DEFINITION_REPRESENTATION(#1360,#1353);
#1352=DRAUGHTING_MODEL('',(#1377),#1351);
#1381=(NAMED_UNIT(*)PLANE_ANGLE_UNIT()SI_UNIT($,.RADIAN.));
#1382=PLANE_ANGLE_MEASURE_WITH_UNIT(PLANE_ANGLE_MEASURE(0.0174532925),#1381);
#1383=(CONVERSION_BASED_UNIT('DEGREE',#1382)NAMED_UNIT(#1384)PLANE_ANGLE_UNIT());
#1384=DIMENSIONAL_EXPONENTS(0.,0.,0.,0.,0.,0.,0.);
#1385=(NAMED_UNIT(*)SI_UNIT($,.STERADIAN.)SOLID_ANGLE_UNIT());
#1386=(LENGTH_UNIT()NAMED_UNIT(*)SI_UNIT(.MILLI.,.METRE.));
#1387=UNCERTAINTY_MEASURE_WITH_UNIT(LENGTH_MEASURE(1.000000E-03),#1386,'DISTANCE_ACCURACY_VALUE','Maximum Tolerance applied to model');
#1388=(GEOMETRIC_REPRESENTATION_CONTEXT(3)GLOBAL_UNCERTAINTY_ASSIGNED_CONTEXT((#1387))GLOBAL_UNIT_ASSIGNED_CONTEXT((#1386,#1383,#1385))REPRESENTATION_CONTEXT('','RESC-0603'));
#1400=CARTESIAN_POINT('',(0.,0.,0.));
#1401=DIRECTION('',(0.,0.,1.));
#1402=DIRECTION('',(1.,0.,-0.));
#1403=AXIS2_PLACEMENT_3D('',#1400,#1401,#1402);
#1404=ITEM_DEFINED_TRANSFORMATION('','',#1403,#15);
#1405=(REPRESENTATION_RELATIONSHIP('','',#1390,#1288)REPRESENTATION_RELATIONSHIP_WITH_TRANSFORMATION(#1404)SHAPE_REPRESENTATION_RELATIONSHIP());
#1406=NEXT_ASSEMBLY_USAGE_OCCURRENCE('RESC-0603_20','RESC-0603','RESC-0603',#1297,#1399,$);
#1407=PRODUCT_DEFINITION_SHAPE('','',#1406);
#1408=CONTEXT_DEPENDENT_SHAPE_REPRESENTATION(#1405,#1407);
#1390=SHAPE_REPRESENTATION('RESC-0603',(#15),#1388);
#1409=CARTESIAN_POINT('',(0.,0.,0.));
#1410=DIRECTION('',(0.,0.,1.));
#1411=DIRECTION('',(1.,0.,0.));
#1412=AXIS2_PLACEMENT_3D('',#1409,#1410,#1411);
#1414=MAPPED_ITEM('',#1413,#1412);
#1413=REPRESENTATION_MAP(#1412,#1390);
#1398=PRODUCT('RESC-0603','RESC-0603','',(#756));
#1415=PRODUCT_RELATED_PRODUCT_CATEGORY('part','',(#1398));
#1416=PRODUCT_DEFINITION_FORMATION_WITH_SPECIFIED_SOURCE('','',#1398,.NOT_KNOWN.);
#1399=PRODUCT_DEFINITION('design','',#1416,#757);
#1397=PRODUCT_DEFINITION_SHAPE('','',#1399);
#1417=SHAPE_DEFINITION_REPRESENTATION(#1397,#1390);
#1389=DRAUGHTING_MODEL('',(#1414),#1388);
#1418=(NAMED_UNIT(*)PLANE_ANGLE_UNIT()SI_UNIT($,.RADIAN.));
#1419=PLANE_ANGLE_MEASURE_WITH_UNIT(PLANE_ANGLE_MEASURE(0.0174532925),#1418);
#1420=(CONVERSION_BASED_UNIT('DEGREE',#1419)NAMED_UNIT(#1421)PLANE_ANGLE_UNIT());
#1421=DIMENSIONAL_EXPONENTS(0.,0.,0.,0.,0.,0.,0.);
#1422=(NAMED_UNIT(*)SI_UNIT($,.STERADIAN.)SOLID_ANGLE_UNIT());
#1423=(LENGTH_UNIT()NAMED_UNIT(*)SI_UNIT(.MILLI.,.METRE.));
#1424=UNCERTAINTY_MEASURE_WITH_UNIT(LENGTH_MEASURE(1.000000E-03),#1423,'DISTANCE_ACCURACY_VALUE','Maximum Tolerance applied to model');
#1425=(GEOMETRIC_REPRESENTATION_CONTEXT(3)GLOBAL_UNCERTAINTY_ASSIGNED_CONTEXT((#1424))GLOBAL_UNIT_ASSIGNED_CONTEXT((#1423,#1420,#1422))REPRESENTATION_CONTEXT('','RESC-0603'));
#1437=CARTESIAN_POINT('',(0.,0.,0.));
#1438=DIRECTION('',(0.,0.,1.));
#1439=DIRECTION('',(1.,0.,-0.));
#1440=AXIS2_PLACEMENT_3D('',#1437,#1438,#1439);
#1441=ITEM_DEFINED_TRANSFORMATION('','',#1440,#15);
#1442=(REPRESENTATION_RELATIONSHIP('','',#1427,#1288)REPRESENTATION_RELATIONSHIP_WITH_TRANSFORMATION(#1441)SHAPE_REPRESENTATION_RELATIONSHIP());
#1443=NEXT_ASSEMBLY_USAGE_OCCURRENCE('RESC-0603_21','RESC-0603','RESC-0603',#1297,#1436,$);
#1444=PRODUCT_DEFINITION_SHAPE('','',#1443);
#1445=CONTEXT_DEPENDENT_SHAPE_REPRESENTATION(#1442,#1444);
#1427=SHAPE_REPRESENTATION('RESC-0603',(#15),#1425);
#1446=CARTESIAN_POINT('',(0.,0.,0.));
#1447=DIRECTION('',(0.,0.,1.));
#1448=DIRECTION('',(1.,0.,0.));
#1449=AXIS2_PLACEMENT_3D('',#1446,#1447,#1448);
#1451=MAPPED_ITEM('',#1450,#1449);
#1450=REPRESENTATION_MAP(#1449,#1427);
#1435=PRODUCT('RESC-0603','RESC-0603','',(#756));
#1452=PRODUCT_RELATED_PRODUCT_CATEGORY('part','',(#1435));
#1453=PRODUCT_DEFINITION_FORMATION_WITH_SPECIFIED_SOURCE('','',#1435,.NOT_KNOWN.);
#1436=PRODUCT_DEFINITION('design','',#1453,#757);
#1434=PRODUCT_DEFINITION_SHAPE('','',#1436);
#1454=SHAPE_DEFINITION_REPRESENTATION(#1434,#1427);
#1426=DRAUGHTING_MODEL('',(#1451),#1425);
#1455=(NAMED_UNIT(*)PLANE_ANGLE_UNIT()SI_UNIT($,.RADIAN.));
#1456=PLANE_ANGLE_MEASURE_WITH_UNIT(PLANE_ANGLE_MEASURE(0.0174532925),#1455);
#1457=(CONVERSION_BASED_UNIT('DEGREE',#1456)NAMED_UNIT(#1458)PLANE_ANGLE_UNIT());
#1458=DIMENSIONAL_EXPONENTS(0.,0.,0.,0.,0.,0.,0.);
#1459=(NAMED_UNIT(*)SI_UNIT($,.STERADIAN.)SOLID_ANGLE_UNIT());
#1460=(LENGTH_UNIT()NAMED_UNIT(*)SI_UNIT(.MILLI.,.METRE.));
#1461=UNCERTAINTY_MEASURE_WITH_UNIT(LENGTH_MEASURE(1.000000E-03),#1460,'DISTANCE_ACCURACY_VALUE','Maximum Tolerance applied to model');
#1462=(GEOMETRIC_REPRESENTATION_CONTEXT(3)GLOBAL_UNCERTAINTY_ASSIGNED_CONTEXT((#1461))GLOBAL_UNIT_ASSIGNED_CONTEXT((#1460,#1457,#1459))REPRESENTATION_CONTEXT('','RESC-0603'));
#1474=CARTESIAN_POINT('',(0.,0.,0.));
#1475=DIRECTION('',(0.,0.,1.));
#1476=DIRECTION('',(1.,0.,-0.));
#1477=AXIS2_PLACEMENT_3D('',#1474,#1475,#1476);
#1478=ITEM_DEFINED_TRANSFORMATION('','',#1477,#15);
#1479=(REPRESENTATION_RELATIONSHIP('','',#1464,#1288)REPRESENTATION_RELATIONSHIP_WITH_TRANSFORMATION(#1478)SHAPE_REPRESENTATION_RELATIONSHIP());
#1480=NEXT_ASSEMBLY_USAGE_OCCURRENCE('RESC-0603_22','RESC-0603','RESC-0603',#1297,#1473,$);
#1481=PRODUCT_DEFINITION_SHAPE('','',#1480);
#1482=CONTEXT_DEPENDENT_SHAPE_REPRESENTATION(#1479,#1481);
#1464=SHAPE_REPRESENTATION('RESC-0603',(#15),#1462);
#1483=CARTESIAN_POINT('',(0.,0.,0.));
#1484=DIRECTION('',(0.,0.,1.));
#1485=DIRECTION('',(1.,0.,0.));
#1486=AXIS2_PLACEMENT_3D('',#1483,#1484,#1485);
#1488=MAPPED_ITEM('',#1487,#1486);
#1487=REPRESENTATION_MAP(#1486,#1464);
#1472=PRODUCT('RESC-0603','RESC-0603','',(#756));
#1489=PRODUCT_RELATED_PRODUCT_CATEGORY('part','',(#1472));
#1490=PRODUCT_DEFINITION_FORMATION_WITH_SPECIFIED_SOURCE('','',#1472,.NOT_KNOWN.);
#1473=PRODUCT_DEFINITION('design','',#1490,#757);
#1471=PRODUCT_DEFINITION_SHAPE('','',#1473);
#1491=SHAPE_DEFINITION_REPRESENTATION(#1471,#1464);
#1463=DRAUGHTING_MODEL('',(#1488),#1462);
#1492=(NAMED_UNIT(*)PLANE_ANGLE_UNIT()SI_UNIT($,.RADIAN.));
#1493=PLANE_ANGLE_MEASURE_WITH_UNIT(PLANE_ANGLE_MEASURE(0.0174532925),#1492);
#1494=(CONVERSION_BASED_UNIT('DEGREE',#1493)NAMED_UNIT(#1495)PLANE_ANGLE_UNIT());
#1495=DIMENSIONAL_EXPONENTS(0.,0.,0.,0.,0.,0.,0.);
#1496=(NAMED_UNIT(*)SI_UNIT($,.STERADIAN.)SOLID_ANGLE_UNIT());
#1497=(LENGTH_UNIT()NAMED_UNIT(*)SI_UNIT(.MILLI.,.METRE.));
#1498=UNCERTAINTY_MEASURE_WITH_UNIT(LENGTH_MEASURE(1.000000E-03),#1497,'DISTANCE_ACCURACY_VALUE','Maximum Tolerance applied to model');
#1499=(GEOMETRIC_REPRESENTATION_CONTEXT(3)GLOBAL_UNCERTAINTY_ASSIGNED_CONTEXT((#1498))GLOBAL_UNIT_ASSIGNED_CONTEXT((#1497,#1494,#1496))REPRESENTATION_CONTEXT('','RESC-0603'));
#1511=CARTESIAN_POINT('',(0.,0.,0.));
#1512=DIRECTION('',(0.,0.,1.));
#1513=DIRECTION('',(1.,0.,-0.));
#1514=AXIS2_PLACEMENT_3D('',#1511,#1512,#1513);
#1515=ITEM_DEFINED_TRANSFORMATION('','',#1514,#15);
#1516=(REPRESENTATION_RELATIONSHIP('','',#1501,#1288)REPRESENTATION_RELATIONSHIP_WITH_TRANSFORMATION(#1515)SHAPE_REPRESENTATION_RELATIONSHIP());
#1517=NEXT_ASSEMBLY_USAGE_OCCURRENCE('RESC-0603_23','RESC-0603','RESC-0603',#1297,#1510,$);
#1518=PRODUCT_DEFINITION_SHAPE('','',#1517);
#1519=CONTEXT_DEPENDENT_SHAPE_REPRESENTATION(#1516,#1518);
#1501=SHAPE_REPRESENTATION('RESC-0603',(#15),#1499);
#1520=CARTESIAN_POINT('',(0.,0.,0.));
#1521=DIRECTION('',(0.,0.,1.));
#1522=DIRECTION('',(1.,0.,0.));
#1523=AXIS2_PLACEMENT_3D('',#1520,#1521,#1522);
#1525=MAPPED_ITEM('',#1524,#1523);
#1524=REPRESENTATION_MAP(#1523,#1501);
#1509=PRODUCT('RESC-0603','RESC-0603','',(#756));
#1526=PRODUCT_RELATED_PRODUCT_CATEGORY('part','',(#1509));
#1527=PRODUCT_DEFINITION_FORMATION_WITH_SPECIFIED_SOURCE('','',#1509,.NOT_KNOWN.);
#1510=PRODUCT_DEFINITION('design','',#1527,#757);
#1508=PRODUCT_DEFINITION_SHAPE('','',#1510);
#1528=SHAPE_DEFINITION_REPRESENTATION(#1508,#1501);
#1500=DRAUGHTING_MODEL('',(#1525),#1499);
#1529=(NAMED_UNIT(*)PLANE_ANGLE_UNIT()SI_UNIT($,.RADIAN.));
#1530=PLANE_ANGLE_MEASURE_WITH_UNIT(PLANE_ANGLE_MEASURE(0.0174532925),#1529);
#1531=(CONVERSION_BASED_UNIT('DEGREE',#1530)NAMED_UNIT(#1532)PLANE_ANGLE_UNIT());
#1532=DIMENSIONAL_EXPONENTS(0.,0.,0.,0.,0.,0.,0.);
#1533=(NAMED_UNIT(*)SI_UNIT($,.STERADIAN.)SOLID_ANGLE_UNIT());
#1534=(LENGTH_UNIT()NAMED_UNIT(*)SI_UNIT(.MILLI.,.METRE.));
#1535=UNCERTAINTY_MEASURE_WITH_UNIT(LENGTH_MEASURE(1.000000E-03),#1534,'DISTANCE_ACCURACY_VALUE','Maximum Tolerance applied to model');
#1536=(GEOMETRIC_REPRESENTATION_CONTEXT(3)GLOBAL_UNCERTAINTY_ASSIGNED_CONTEXT((#1535))GLOBAL_UNIT_ASSIGNED_CONTEXT((#1534,#1531,#1533))REPRESENTATION_CONTEXT('','RESC-0603'));
#1548=CARTESIAN_POINT('',(0.,0.,0.));
#1549=DIRECTION('',(0.,0.,1.));
#1550=DIRECTION('',(1.,0.,-0.));
#1551=AXIS2_PLACEMENT_3D('',#1548,#1549,#1550);
#1552=ITEM_DEFINED_TRANSFORMATION('','',#1551,#15);
#1553=(REPRESENTATION_RELATIONSHIP('','',#1538,#1288)REPRESENTATION_RELATIONSHIP_WITH_TRANSFORMATION(#1552)SHAPE_REPRESENTATION_RELATIONSHIP());
#1554=NEXT_ASSEMBLY_USAGE_OCCURRENCE('RESC-0603_24','RESC-0603','RESC-0603',#1297,#1547,$);
#1555=PRODUCT_DEFINITION_SHAPE('','',#1554);
#1556=CONTEXT_DEPENDENT_SHAPE_REPRESENTATION(#1553,#1555);
#1538=SHAPE_REPRESENTATION('RESC-0603',(#15),#1536);
#1557=CARTESIAN_POINT('',(0.,0.,0.));
#1558=DIRECTION('',(0.,0.,1.));
#1559=DIRECTION('',(1.,0.,0.));
#1560=AXIS2_PLACEMENT_3D('',#1557,#1558,#1559);
#1562=MAPPED_ITEM('',#1561,#1560);
#1561=REPRESENTATION_MAP(#1560,#1538);
#1546=PRODUCT('RESC-0603','RESC-0603','',(#756));
#1563=PRODUCT_RELATED_PRODUCT_CATEGORY('part','',(#1546));
#1564=PRODUCT_DEFINITION_FORMATION_WITH_SPECIFIED_SOURCE('','',#1546,.NOT_KNOWN.);
#1547=PRODUCT_DEFINITION('design','',#1564,#757);
#1545=PRODUCT_DEFINITION_SHAPE('','',#1547);
#1565=SHAPE_DEFINITION_REPRESENTATION(#1545,#1538);
#1537=DRAUGHTING_MODEL('',(#1562),#1536);
#1566=(NAMED_UNIT(*)PLANE_ANGLE_UNIT()SI_UNIT($,.RADIAN.));
#1567=PLANE_ANGLE_MEASURE_WITH_UNIT(PLANE_ANGLE_MEASURE(0.0174532925),#1566);
#1568=(CONVERSION_BASED_UNIT('DEGREE',#1567)NAMED_UNIT(#1569)PLANE_ANGLE_UNIT());
#1569=DIMENSIONAL_EXPONENTS(0.,0.,0.,0.,0.,0.,0.);
#1570=(NAMED_UNIT(*)SI_UNIT($,.STERADIAN.)SOLID_ANGLE_UNIT());
#1571=(LENGTH_UNIT()NAMED_UNIT(*)SI_UNIT(.MILLI.,.METRE.));
#1572=UNCERTAINTY_MEASURE_WITH_UNIT(LENGTH_MEASURE(1.000000E-03),#1571,'DISTANCE_ACCURACY_VALUE','Maximum Tolerance applied to model');
#1573=(GEOMETRIC_REPRESENTATION_CONTEXT(3)GLOBAL_UNCERTAINTY_ASSIGNED_CONTEXT((#1572))GLOBAL_UNIT_ASSIGNED_CONTEXT((#1571,#1568,#1570))REPRESENTATION_CONTEXT('','RESC-0603'));
#1585=CARTESIAN_POINT('',(0.,0.,0.));
#1586=DIRECTION('',(0.,0.,1.));
#1587=DIRECTION('',(1.,0.,-0.));
#1588=AXIS2_PLACEMENT_3D('',#1585,#1586,#1587);
#1589=ITEM_DEFINED_TRANSFORMATION('','',#1588,#15);
#1590=(REPRESENTATION_RELATIONSHIP('','',#1575,#1288)REPRESENTATION_RELATIONSHIP_WITH_TRANSFORMATION(#1589)SHAPE_REPRESENTATION_RELATIONSHIP());
#1591=NEXT_ASSEMBLY_USAGE_OCCURRENCE('RESC-0603_25','RESC-0603','RESC-0603',#1297,#1584,$);
#1592=PRODUCT_DEFINITION_SHAPE('','',#1591);
#1593=CONTEXT_DEPENDENT_SHAPE_REPRESENTATION(#1590,#1592);
#1575=SHAPE_REPRESENTATION('RESC-0603',(#15),#1573);
#1594=CARTESIAN_POINT('',(0.,0.,0.));
#1595=DIRECTION('',(0.,0.,1.));
#1596=DIRECTION('',(1.,0.,0.));
#1597=AXIS2_PLACEMENT_3D('',#1594,#1595,#1596);
#1599=MAPPED_ITEM('',#1598,#1597);
#1598=REPRESENTATION_MAP(#1597,#1575);
#1583=PRODUCT('RESC-0603','RESC-0603','',(#756));
#1600=PRODUCT_RELATED_PRODUCT_CATEGORY('part','',(#1583));
#1601=PRODUCT_DEFINITION_FORMATION_WITH_SPECIFIED_SOURCE('','',#1583,.NOT_KNOWN.);
#1584=PRODUCT_DEFINITION('design','',#1601,#757);
#1582=PRODUCT_DEFINITION_SHAPE('','',#1584);
#1602=SHAPE_DEFINITION_REPRESENTATION(#1582,#1575);
#1574=DRAUGHTING_MODEL('',(#1599),#1573);
#1603=(NAMED_UNIT(*)PLANE_ANGLE_UNIT()SI_UNIT($,.RADIAN.));
#1604=PLANE_ANGLE_MEASURE_WITH_UNIT(PLANE_ANGLE_MEASURE(0.0174532925),#1603);
#1605=(CONVERSION_BASED_UNIT('DEGREE',#1604)NAMED_UNIT(#1606)PLANE_ANGLE_UNIT());
#1606=DIMENSIONAL_EXPONENTS(0.,0.,0.,0.,0.,0.,0.);
#1607=(NAMED_UNIT(*)SI_UNIT($,.STERADIAN.)SOLID_ANGLE_UNIT());
#1608=(LENGTH_UNIT()NAMED_UNIT(*)SI_UNIT(.MILLI.,.METRE.));
#1609=UNCERTAINTY_MEASURE_WITH_UNIT(LENGTH_MEASURE(1.000000E-03),#1608,'DISTANCE_ACCURACY_VALUE','Maximum Tolerance applied to model');
#1610=(GEOMETRIC_REPRESENTATION_CONTEXT(3)GLOBAL_UNCERTAINTY_ASSIGNED_CONTEXT((#1609))GLOBAL_UNIT_ASSIGNED_CONTEXT((#1608,#1605,#1607))REPRESENTATION_CONTEXT('','RESC-0603'));
#1622=CARTESIAN_POINT('',(0.,0.,0.));
#1623=DIRECTION('',(0.,0.,1.));
#1624=DIRECTION('',(1.,0.,-0.));
#1625=AXIS2_PLACEMENT_3D('',#1622,#1623,#1624);
#1626=ITEM_DEFINED_TRANSFORMATION('','',#1625,#15);
#1627=(REPRESENTATION_RELATIONSHIP('','',#1612,#1288)REPRESENTATION_RELATIONSHIP_WITH_TRANSFORMATION(#1626)SHAPE_REPRESENTATION_RELATIONSHIP());
#1628=NEXT_ASSEMBLY_USAGE_OCCURRENCE('RESC-0603_26','RESC-0603','RESC-0603',#1297,#1621,$);
#1629=PRODUCT_DEFINITION_SHAPE('','',#1628);
#1630=CONTEXT_DEPENDENT_SHAPE_REPRESENTATION(#1627,#1629);
#1612=SHAPE_REPRESENTATION('RESC-0603',(#15),#1610);
#1631=CARTESIAN_POINT('',(0.,0.,0.));
#1632=DIRECTION('',(0.,0.,1.));
#1633=DIRECTION('',(1.,0.,0.));
#1634=AXIS2_PLACEMENT_3D('',#1631,#1632,#1633);
#1636=MAPPED_ITEM('',#1635,#1634);
#1635=REPRESENTATION_MAP(#1634,#1612);
#1620=PRODUCT('RESC-0603','RESC-0603','',(#756));
#1637=PRODUCT_RELATED_PRODUCT_CATEGORY('part','',(#1620));
#1638=PRODUCT_DEFINITION_FORMATION_WITH_SPECIFIED_SOURCE('','',#1620,.NOT_KNOWN.);
#1621=PRODUCT_DEFINITION('design','',#1638,#757);
#1619=PRODUCT_DEFINITION_SHAPE('','',#1621);
#1639=SHAPE_DEFINITION_REPRESENTATION(#1619,#1612);
#1611=DRAUGHTING_MODEL('',(#1636),#1610);
#1640=(NAMED_UNIT(*)PLANE_ANGLE_UNIT()SI_UNIT($,.RADIAN.));
#1641=PLANE_ANGLE_MEASURE_WITH_UNIT(PLANE_ANGLE_MEASURE(0.0174532925),#1640);
#1642=(CONVERSION_BASED_UNIT('DEGREE',#1641)NAMED_UNIT(#1643)PLANE_ANGLE_UNIT());
#1643=DIMENSIONAL_EXPONENTS(0.,0.,0.,0.,0.,0.,0.);
#1644=(NAMED_UNIT(*)SI_UNIT($,.STERADIAN.)SOLID_ANGLE_UNIT());
#1645=(LENGTH_UNIT()NAMED_UNIT(*)SI_UNIT(.MILLI.,.METRE.));
#1646=UNCERTAINTY_MEASURE_WITH_UNIT(LENGTH_MEASURE(1.000000E-03),#1645,'DISTANCE_ACCURACY_VALUE','Maximum Tolerance applied to model');
#1647=(GEOMETRIC_REPRESENTATION_CONTEXT(3)GLOBAL_UNCERTAINTY_ASSIGNED_CONTEXT((#1646))GLOBAL_UNIT_ASSIGNED_CONTEXT((#1645,#1642,#1644))REPRESENTATION_CONTEXT('','RESC-0603'));
#1659=CARTESIAN_POINT('',(0.,0.,0.));
#1660=DIRECTION('',(0.,0.,1.));
#1661=DIRECTION('',(1.,0.,-0.));
#1662=AXIS2_PLACEMENT_3D('',#1659,#1660,#1661);
#1663=ITEM_DEFINED_TRANSFORMATION('','',#1662,#15);
#1664=(REPRESENTATION_RELATIONSHIP('','',#1649,#1288)REPRESENTATION_RELATIONSHIP_WITH_TRANSFORMATION(#1663)SHAPE_REPRESENTATION_RELATIONSHIP());
#1665=NEXT_ASSEMBLY_USAGE_OCCURRENCE('RESC-0603_27','RESC-0603','RESC-0603',#1297,#1658,$);
#1666=PRODUCT_DEFINITION_SHAPE('','',#1665);
#1667=CONTEXT_DEPENDENT_SHAPE_REPRESENTATION(#1664,#1666);
#1649=SHAPE_REPRESENTATION('RESC-0603',(#15),#1647);
#1668=CARTESIAN_POINT('',(0.,0.,0.));
#1669=DIRECTION('',(0.,0.,1.));
#1670=DIRECTION('',(1.,0.,0.));
#1671=AXIS2_PLACEMENT_3D('',#1668,#1669,#1670);
#1673=MAPPED_ITEM('',#1672,#1671);
#1672=REPRESENTATION_MAP(#1671,#1649);
#1657=PRODUCT('RESC-0603','RESC-0603','',(#756));
#1674=PRODUCT_RELATED_PRODUCT_CATEGORY('part','',(#1657));
#1675=PRODUCT_DEFINITION_FORMATION_WITH_SPECIFIED_SOURCE('','',#1657,.NOT_KNOWN.);
#1658=PRODUCT_DEFINITION('design','',#1675,#757);
#1656=PRODUCT_DEFINITION_SHAPE('','',#1658);
#1676=SHAPE_DEFINITION_REPRESENTATION(#1656,#1649);
#1648=DRAUGHTING_MODEL('',(#1673),#1647);
#1677=(NAMED_UNIT(*)PLANE_ANGLE_UNIT()SI_UNIT($,.RADIAN.));
#1678=PLANE_ANGLE_MEASURE_WITH_UNIT(PLANE_ANGLE_MEASURE(0.0174532925),#1677);
#1679=(CONVERSION_BASED_UNIT('DEGREE',#1678)NAMED_UNIT(#1680)PLANE_ANGLE_UNIT());
#1680=DIMENSIONAL_EXPONENTS(0.,0.,0.,0.,0.,0.,0.);
#1681=(NAMED_UNIT(*)SI_UNIT($,.STERADIAN.)SOLID_ANGLE_UNIT());
#1682=(LENGTH_UNIT()NAMED_UNIT(*)SI_UNIT(.MILLI.,.METRE.));
#1683=UNCERTAINTY_MEASURE_WITH_UNIT(LENGTH_MEASURE(1.000000E-03),#1682,'DISTANCE_ACCURACY_VALUE','Maximum Tolerance applied to model');
#1684=(GEOMETRIC_REPRESENTATION_CONTEXT(3)GLOBAL_UNCERTAINTY_ASSIGNED_CONTEXT((#1683))GLOBAL_UNIT_ASSIGNED_CONTEXT((#1682,#1679,#1681))REPRESENTATION_CONTEXT('','RESC-0603'));
#1696=CARTESIAN_POINT('',(0.,0.,0.));
#1697=DIRECTION('',(0.,0.,1.));
#1698=DIRECTION('',(1.,0.,-0.));
#1699=AXIS2_PLACEMENT_3D('',#1696,#1697,#1698);
#1700=ITEM_DEFINED_TRANSFORMATION('','',#1699,#15);
#1701=(REPRESENTATION_RELATIONSHIP('','',#1686,#1288)REPRESENTATION_RELATIONSHIP_WITH_TRANSFORMATION(#1700)SHAPE_REPRESENTATION_RELATIONSHIP());
#1702=NEXT_ASSEMBLY_USAGE_OCCURRENCE('RESC-0603_28','RESC-0603','RESC-0603',#1297,#1695,$);
#1703=PRODUCT_DEFINITION_SHAPE('','',#1702);
#1704=CONTEXT_DEPENDENT_SHAPE_REPRESENTATION(#1701,#1703);
#1686=SHAPE_REPRESENTATION('RESC-0603',(#15),#1684);
#1705=CARTESIAN_POINT('',(0.,0.,0.));
#1706=DIRECTION('',(0.,0.,1.));
#1707=DIRECTION('',(1.,0.,0.));
#1708=AXIS2_PLACEMENT_3D('',#1705,#1706,#1707);
#1710=MAPPED_ITEM('',#1709,#1708);
#1709=REPRESENTATION_MAP(#1708,#1686);
#1694=PRODUCT('RESC-0603','RESC-0603','',(#756));
#1711=PRODUCT_RELATED_PRODUCT_CATEGORY('part','',(#1694));
#1712=PRODUCT_DEFINITION_FORMATION_WITH_SPECIFIED_SOURCE('','',#1694,.NOT_KNOWN.);
#1695=PRODUCT_DEFINITION('design','',#1712,#757);
#1693=PRODUCT_DEFINITION_SHAPE('','',#1695);
#1713=SHAPE_DEFINITION_REPRESENTATION(#1693,#1686);
#1685=DRAUGHTING_MODEL('',(#1710),#1684);
#1714=(NAMED_UNIT(*)PLANE_ANGLE_UNIT()SI_UNIT($,.RADIAN.));
#1715=PLANE_ANGLE_MEASURE_WITH_UNIT(PLANE_ANGLE_MEASURE(0.0174532925),#1714);
#1716=(CONVERSION_BASED_UNIT('DEGREE',#1715)NAMED_UNIT(#1717)PLANE_ANGLE_UNIT());
#1717=DIMENSIONAL_EXPONENTS(0.,0.,0.,0.,0.,0.,0.);
#1718=(NAMED_UNIT(*)SI_UNIT($,.STERADIAN.)SOLID_ANGLE_UNIT());
#1719=(LENGTH_UNIT()NAMED_UNIT(*)SI_UNIT(.MILLI.,.METRE.));
#1720=UNCERTAINTY_MEASURE_WITH_UNIT(LENGTH_MEASURE(1.000000E-03),#1719,'DISTANCE_ACCURACY_VALUE','Maximum Tolerance applied to model');
#1721=(GEOMETRIC_REPRESENTATION_CONTEXT(3)GLOBAL_UNCERTAINTY_ASSIGNED_CONTEXT((#1720))GLOBAL_UNIT_ASSIGNED_CONTEXT((#1719,#1716,#1718))REPRESENTATION_CONTEXT('','RESC-0603'));
#1733=CARTESIAN_POINT('',(0.,0.,0.));
#1734=DIRECTION('',(0.,0.,1.));
#1735=DIRECTION('',(1.,0.,-0.));
#1736=AXIS2_PLACEMENT_3D('',#1733,#1734,#1735);
#1737=ITEM_DEFINED_TRANSFORMATION('','',#1736,#15);
#1738=(REPRESENTATION_RELATIONSHIP('','',#1723,#1288)REPRESENTATION_RELATIONSHIP_WITH_TRANSFORMATION(#1737)SHAPE_REPRESENTATION_RELATIONSHIP());
#1739=NEXT_ASSEMBLY_USAGE_OCCURRENCE('RESC-0603_29','RESC-0603','RESC-0603',#1297,#1732,$);
#1740=PRODUCT_DEFINITION_SHAPE('','',#1739);
#1741=CONTEXT_DEPENDENT_SHAPE_REPRESENTATION(#1738,#1740);
#1723=SHAPE_REPRESENTATION('RESC-0603',(#15),#1721);
#1742=CARTESIAN_POINT('',(0.,0.,0.));
#1743=DIRECTION('',(0.,0.,1.));
#1744=DIRECTION('',(1.,0.,0.));
#1745=AXIS2_PLACEMENT_3D('',#1742,#1743,#1744);
#1747=MAPPED_ITEM('',#1746,#1745);
#1746=REPRESENTATION_MAP(#1745,#1723);
#1731=PRODUCT('RESC-0603','RESC-0603','',(#756));
#1748=PRODUCT_RELATED_PRODUCT_CATEGORY('part','',(#1731));
#1749=PRODUCT_DEFINITION_FORMATION_WITH_SPECIFIED_SOURCE('','',#1731,.NOT_KNOWN.);
#1732=PRODUCT_DEFINITION('design','',#1749,#757);
#1730=PRODUCT_DEFINITION_SHAPE('','',#1732);
#1750=SHAPE_DEFINITION_REPRESENTATION(#1730,#1723);
#1722=DRAUGHTING_MODEL('',(#1747),#1721);
#1751=(NAMED_UNIT(*)PLANE_ANGLE_UNIT()SI_UNIT($,.RADIAN.));
#1752=PLANE_ANGLE_MEASURE_WITH_UNIT(PLANE_ANGLE_MEASURE(0.0174532925),#1751);
#1753=(CONVERSION_BASED_UNIT('DEGREE',#1752)NAMED_UNIT(#1754)PLANE_ANGLE_UNIT());
#1754=DIMENSIONAL_EXPONENTS(0.,0.,0.,0.,0.,0.,0.);
#1755=(NAMED_UNIT(*)SI_UNIT($,.STERADIAN.)SOLID_ANGLE_UNIT());
#1756=(LENGTH_UNIT()NAMED_UNIT(*)SI_UNIT(.MILLI.,.METRE.));
#1757=UNCERTAINTY_MEASURE_WITH_UNIT(LENGTH_MEASURE(1.000000E-03),#1756,'DISTANCE_ACCURACY_VALUE','Maximum Tolerance applied to model');
#1758=(GEOMETRIC_REPRESENTATION_CONTEXT(3)GLOBAL_UNCERTAINTY_ASSIGNED_CONTEXT((#1757))GLOBAL_UNIT_ASSIGNED_CONTEXT((#1756,#1753,#1755))REPRESENTATION_CONTEXT('','RESC-0603'));
#1770=CARTESIAN_POINT('',(0.,0.,0.));
#1771=DIRECTION('',(0.,0.,1.));
#1772=DIRECTION('',(1.,0.,-0.));
#1773=AXIS2_PLACEMENT_3D('',#1770,#1771,#1772);
#1774=ITEM_DEFINED_TRANSFORMATION('','',#1773,#15);
#1775=(REPRESENTATION_RELATIONSHIP('','',#1760,#1288)REPRESENTATION_RELATIONSHIP_WITH_TRANSFORMATION(#1774)SHAPE_REPRESENTATION_RELATIONSHIP());
#1776=NEXT_ASSEMBLY_USAGE_OCCURRENCE('RESC-0603_30','RESC-0603','RESC-0603',#1297,#1769,$);
#1777=PRODUCT_DEFINITION_SHAPE('','',#1776);
#1778=CONTEXT_DEPENDENT_SHAPE_REPRESENTATION(#1775,#1777);
#1760=SHAPE_REPRESENTATION('RESC-0603',(#15),#1758);
#1779=CARTESIAN_POINT('',(0.,0.,0.));
#1780=DIRECTION('',(0.,0.,1.));
#1781=DIRECTION('',(1.,0.,0.));
#1782=AXIS2_PLACEMENT_3D('',#1779,#1780,#1781);
#1784=MAPPED_ITEM('',#1783,#1782);
#1783=REPRESENTATION_MAP(#1782,#1760);
#1768=PRODUCT('RESC-0603','RESC-0603','',(#756));
#1785=PRODUCT_RELATED_PRODUCT_CATEGORY('part','',(#1768));
#1786=PRODUCT_DEFINITION_FORMATION_WITH_SPECIFIED_SOURCE('','',#1768,.NOT_KNOWN.);
#1769=PRODUCT_DEFINITION('design','',#1786,#757);
#1767=PRODUCT_DEFINITION_SHAPE('','',#1769);
#1787=SHAPE_DEFINITION_REPRESENTATION(#1767,#1760);
#1759=DRAUGHTING_MODEL('',(#1784),#1758);
#1788=(NAMED_UNIT(*)PLANE_ANGLE_UNIT()SI_UNIT($,.RADIAN.));
#1789=PLANE_ANGLE_MEASURE_WITH_UNIT(PLANE_ANGLE_MEASURE(0.0174532925),#1788);
#1790=(CONVERSION_BASED_UNIT('DEGREE',#1789)NAMED_UNIT(#1791)PLANE_ANGLE_UNIT());
#1791=DIMENSIONAL_EXPONENTS(0.,0.,0.,0.,0.,0.,0.);
#1792=(NAMED_UNIT(*)SI_UNIT($,.STERADIAN.)SOLID_ANGLE_UNIT());
#1793=(LENGTH_UNIT()NAMED_UNIT(*)SI_UNIT(.MILLI.,.METRE.));
#1794=UNCERTAINTY_MEASURE_WITH_UNIT(LENGTH_MEASURE(1.000000E-03),#1793,'DISTANCE_ACCURACY_VALUE','Maximum Tolerance applied to model');
#1795=(GEOMETRIC_REPRESENTATION_CONTEXT(3)GLOBAL_UNCERTAINTY_ASSIGNED_CONTEXT((#1794))GLOBAL_UNIT_ASSIGNED_CONTEXT((#1793,#1790,#1792))REPRESENTATION_CONTEXT('','RESC-0603'));
#1807=CARTESIAN_POINT('',(0.,0.,0.));
#1808=DIRECTION('',(0.,0.,1.));
#1809=DIRECTION('',(1.,0.,-0.));
#1810=AXIS2_PLACEMENT_3D('',#1807,#1808,#1809);
#1811=ITEM_DEFINED_TRANSFORMATION('','',#1810,#15);
#1812=(REPRESENTATION_RELATIONSHIP('','',#1797,#1288)REPRESENTATION_RELATIONSHIP_WITH_TRANSFORMATION(#1811)SHAPE_REPRESENTATION_RELATIONSHIP());
#1813=NEXT_ASSEMBLY_USAGE_OCCURRENCE('RESC-0603_31','RESC-0603','RESC-0603',#1297,#1806,$);
#1814=PRODUCT_DEFINITION_SHAPE('','',#1813);
#1815=CONTEXT_DEPENDENT_SHAPE_REPRESENTATION(#1812,#1814);
#1797=SHAPE_REPRESENTATION('RESC-0603',(#15),#1795);
#1816=CARTESIAN_POINT('',(0.,0.,0.));
#1817=DIRECTION('',(0.,0.,1.));
#1818=DIRECTION('',(1.,0.,0.));
#1819=AXIS2_PLACEMENT_3D('',#1816,#1817,#1818);
#1821=MAPPED_ITEM('',#1820,#1819);
#1820=REPRESENTATION_MAP(#1819,#1797);
#1805=PRODUCT('RESC-0603','RESC-0603','',(#756));
#1822=PRODUCT_RELATED_PRODUCT_CATEGORY('part','',(#1805));
#1823=PRODUCT_DEFINITION_FORMATION_WITH_SPECIFIED_SOURCE('','',#1805,.NOT_KNOWN.);
#1806=PRODUCT_DEFINITION('design','',#1823,#757);
#1804=PRODUCT_DEFINITION_SHAPE('','',#1806);
#1824=SHAPE_DEFINITION_REPRESENTATION(#1804,#1797);
#1796=DRAUGHTING_MODEL('',(#1821),#1795);
#1825=(NAMED_UNIT(*)PLANE_ANGLE_UNIT()SI_UNIT($,.RADIAN.));
#1826=PLANE_ANGLE_MEASURE_WITH_UNIT(PLANE_ANGLE_MEASURE(0.0174532925),#1825);
#1827=(CONVERSION_BASED_UNIT('DEGREE',#1826)NAMED_UNIT(#1828)PLANE_ANGLE_UNIT());
#1828=DIMENSIONAL_EXPONENTS(0.,0.,0.,0.,0.,0.,0.);
#1829=(NAMED_UNIT(*)SI_UNIT($,.STERADIAN.)SOLID_ANGLE_UNIT());
#1830=(LENGTH_UNIT()NAMED_UNIT(*)SI_UNIT(.MILLI.,.METRE.));
#1831=UNCERTAINTY_MEASURE_WITH_UNIT(LENGTH_MEASURE(1.000000E-03),#1830,'DISTANCE_ACCURACY_VALUE','Maximum Tolerance applied to model');
#1832=(GEOMETRIC_REPRESENTATION_CONTEXT(3)GLOBAL_UNCERTAINTY_ASSIGNED_CONTEXT((#1831))GLOBAL_UNIT_ASSIGNED_CONTEXT((#1830,#1827,#1829))REPRESENTATION_CONTEXT('','RESC-0603'));
#1844=CARTESIAN_POINT('',(0.,0.,0.));
#1845=DIRECTION('',(0.,0.,1.));
#1846=DIRECTION('',(1.,0.,-0.));
#1847=AXIS2_PLACEMENT_3D('',#1844,#1845,#1846);
#1848=ITEM_DEFINED_TRANSFORMATION('','',#1847,#15);
#1849=(REPRESENTATION_RELATIONSHIP('','',#1834,#1288)REPRESENTATION_RELATIONSHIP_WITH_TRANSFORMATION(#1848)SHAPE_REPRESENTATION_RELATIONSHIP());
#1850=NEXT_ASSEMBLY_USAGE_OCCURRENCE('RESC-0603_32','RESC-0603','RESC-0603',#1297,#1843,$);
#1851=PRODUCT_DEFINITION_SHAPE('','',#1850);
#1852=CONTEXT_DEPENDENT_SHAPE_REPRESENTATION(#1849,#1851);
#1834=SHAPE_REPRESENTATION('RESC-0603',(#15),#1832);
#1853=CARTESIAN_POINT('',(0.,0.,0.));
#1854=DIRECTION('',(0.,0.,1.));
#1855=DIRECTION('',(1.,0.,0.));
#1856=AXIS2_PLACEMENT_3D('',#1853,#1854,#1855);
#1858=MAPPED_ITEM('',#1857,#1856);
#1857=REPRESENTATION_MAP(#1856,#1834);
#1842=PRODUCT('RESC-0603','RESC-0603','',(#756));
#1859=PRODUCT_RELATED_PRODUCT_CATEGORY('part','',(#1842));
#1860=PRODUCT_DEFINITION_FORMATION_WITH_SPECIFIED_SOURCE('','',#1842,.NOT_KNOWN.);
#1843=PRODUCT_DEFINITION('design','',#1860,#757);
#1841=PRODUCT_DEFINITION_SHAPE('','',#1843);
#1861=SHAPE_DEFINITION_REPRESENTATION(#1841,#1834);
#1833=DRAUGHTING_MODEL('',(#1858),#1832);
#1862=(NAMED_UNIT(*)PLANE_ANGLE_UNIT()SI_UNIT($,.RADIAN.));
#1863=PLANE_ANGLE_MEASURE_WITH_UNIT(PLANE_ANGLE_MEASURE(0.0174532925),#1862);
#1864=(CONVERSION_BASED_UNIT('DEGREE',#1863)NAMED_UNIT(#1865)PLANE_ANGLE_UNIT());
#1865=DIMENSIONAL_EXPONENTS(0.,0.,0.,0.,0.,0.,0.);
#1866=(NAMED_UNIT(*)SI_UNIT($,.STERADIAN.)SOLID_ANGLE_UNIT());
#1867=(LENGTH_UNIT()NAMED_UNIT(*)SI_UNIT(.MILLI.,.METRE.));
#1868=UNCERTAINTY_MEASURE_WITH_UNIT(LENGTH_MEASURE(1.000000E-03),#1867,'DISTANCE_ACCURACY_VALUE','Maximum Tolerance applied to model');
#1869=(GEOMETRIC_REPRESENTATION_CONTEXT(3)GLOBAL_UNCERTAINTY_ASSIGNED_CONTEXT((#1868))GLOBAL_UNIT_ASSIGNED_CONTEXT((#1867,#1864,#1866))REPRESENTATION_CONTEXT('','2SD0601A'));
#1881=CARTESIAN_POINT('',(0.,0.,0.));
#1882=DIRECTION('',(0.,0.,1.));
#1883=DIRECTION('',(1.,0.,-0.));
#1884=AXIS2_PLACEMENT_3D('',#1881,#1882,#1883);
#1885=ITEM_DEFINED_TRANSFORMATION('','',#1884,#15);
#1886=(REPRESENTATION_RELATIONSHIP('','',#1871,#1288)REPRESENTATION_RELATIONSHIP_WITH_TRANSFORMATION(#1885)SHAPE_REPRESENTATION_RELATIONSHIP());
#1887=NEXT_ASSEMBLY_USAGE_OCCURRENCE('2SD0601A_33','2SD0601A','2SD0601A',#1297,#1880,$);
#1888=PRODUCT_DEFINITION_SHAPE('','',#1887);
#1889=CONTEXT_DEPENDENT_SHAPE_REPRESENTATION(#1886,#1888);
#1871=SHAPE_REPRESENTATION('2SD0601A',(#15),#1869);
#1890=CARTESIAN_POINT('',(0.,0.,0.));
#1891=DIRECTION('',(0.,0.,1.));
#1892=DIRECTION('',(1.,0.,0.));
#1893=AXIS2_PLACEMENT_3D('',#1890,#1891,#1892);
#1895=MAPPED_ITEM('',#1894,#1893);
#1894=REPRESENTATION_MAP(#1893,#1871);
#1879=PRODUCT('2SD0601A','2SD0601A','',(#756));
#1896=PRODUCT_RELATED_PRODUCT_CATEGORY('part','',(#1879));
#1897=PRODUCT_DEFINITION_FORMATION_WITH_SPECIFIED_SOURCE('','',#1879,.NOT_KNOWN.);
#1880=PRODUCT_DEFINITION('design','',#1897,#757);
#1878=PRODUCT_DEFINITION_SHAPE('','',#1880);
#1898=SHAPE_DEFINITION_REPRESENTATION(#1878,#1871);
#1870=DRAUGHTING_MODEL('',(#1895),#1869);
#1288=SHAPE_REPRESENTATION('OLED_128x32',(#15,#1329,#1366,#1403,#1440,#1477,#1514,#1551,#1588,#1625,#1662,#1699,#1736,#1773,#1810,#1847,#1884),#1286);
#1899=CARTESIAN_POINT('',(0.,0.,0.));
#1900=DIRECTION('',(0.,0.,1.));
#1901=DIRECTION('',(1.,0.,0.));
#1902=AXIS2_PLACEMENT_3D('',#1899,#1900,#1901);
#1904=MAPPED_ITEM('',#1903,#1902);
#1903=REPRESENTATION_MAP(#1902,#1288);
#1296=PRODUCT('OLED_128x32','OLED_128x32','',(#756));
#1905=PRODUCT_RELATED_PRODUCT_CATEGORY('part','',(#1296));
#1906=PRODUCT_DEFINITION_FORMATION_WITH_SPECIFIED_SOURCE('','',#1296,.NOT_KNOWN.);
#1297=PRODUCT_DEFINITION('design','',#1906,#757);
#1295=PRODUCT_DEFINITION_SHAPE('','',#1297);
#1907=SHAPE_DEFINITION_REPRESENTATION(#1295,#1288);
#1287=DRAUGHTING_MODEL('',(#1904),#1286);
#1908=(NAMED_UNIT(*)PLANE_ANGLE_UNIT()SI_UNIT($,.RADIAN.));
#1909=PLANE_ANGLE_MEASURE_WITH_UNIT(PLANE_ANGLE_MEASURE(0.0174532925),#1908);
#1910=(CONVERSION_BASED_UNIT('DEGREE',#1909)NAMED_UNIT(#1911)PLANE_ANGLE_UNIT());
#1911=DIMENSIONAL_EXPONENTS(0.,0.,0.,0.,0.,0.,0.);
#1912=(NAMED_UNIT(*)SI_UNIT($,.STERADIAN.)SOLID_ANGLE_UNIT());
#1913=(LENGTH_UNIT()NAMED_UNIT(*)SI_UNIT(.MILLI.,.METRE.));
#1914=UNCERTAINTY_MEASURE_WITH_UNIT(LENGTH_MEASURE(1.000000E-03),#1913,'DISTANCE_ACCURACY_VALUE','Maximum Tolerance applied to model');
#1915=(GEOMETRIC_REPRESENTATION_CONTEXT(3)GLOBAL_UNCERTAINTY_ASSIGNED_CONTEXT((#1914))GLOBAL_UNIT_ASSIGNED_CONTEXT((#1913,#1910,#1912))REPRESENTATION_CONTEXT('','MX_PCB'));
#1927=CARTESIAN_POINT('',(0.,0.,0.));
#1928=DIRECTION('',(0.,0.,1.));
#1929=DIRECTION('',(1.,0.,-0.));
#1930=AXIS2_PLACEMENT_3D('',#1927,#1928,#1929);
#1931=ITEM_DEFINED_TRANSFORMATION('','',#1930,#15);
#1932=(REPRESENTATION_RELATIONSHIP('','',#1917,#1149)REPRESENTATION_RELATIONSHIP_WITH_TRANSFORMATION(#1931)SHAPE_REPRESENTATION_RELATIONSHIP());
#1933=NEXT_ASSEMBLY_USAGE_OCCURRENCE('MX_PCB_34','MX_PCB','MX_PCB',#1158,#1926,$);
#1934=PRODUCT_DEFINITION_SHAPE('','',#1933);
#1935=CONTEXT_DEPENDENT_SHAPE_REPRESENTATION(#1932,#1934);
#1917=SHAPE_REPRESENTATION('MX_PCB',(#15),#1915);
#1936=CARTESIAN_POINT('',(0.,0.,0.));
#1937=DIRECTION('',(0.,0.,1.));
#1938=DIRECTION('',(1.,0.,0.));
#1939=AXIS2_PLACEMENT_3D('',#1936,#1937,#1938);
#1941=MAPPED_ITEM('',#1940,#1939);
#1940=REPRESENTATION_MAP(#1939,#1917);
#1925=PRODUCT('MX_PCB','MX_PCB','',(#756));
#1942=PRODUCT_RELATED_PRODUCT_CATEGORY('part','',(#1925));
#1943=PRODUCT_DEFINITION_FORMATION_WITH_SPECIFIED_SOURCE('','',#1925,.NOT_KNOWN.);
#1926=PRODUCT_DEFINITION('design','',#1943,#757);
#1924=PRODUCT_DEFINITION_SHAPE('','',#1926);
#1944=SHAPE_DEFINITION_REPRESENTATION(#1924,#1917);
#1916=DRAUGHTING_MODEL('',(#1941),#1915);
#1945=(NAMED_UNIT(*)PLANE_ANGLE_UNIT()SI_UNIT($,.RADIAN.));
#1946=PLANE_ANGLE_MEASURE_WITH_UNIT(PLANE_ANGLE_MEASURE(0.0174532925),#1945);
#1947=(CONVERSION_BASED_UNIT('DEGREE',#1946)NAMED_UNIT(#1948)PLANE_ANGLE_UNIT());
#1948=DIMENSIONAL_EXPONENTS(0.,0.,0.,0.,0.,0.,0.);
#1949=(NAMED_UNIT(*)SI_UNIT($,.STERADIAN.)SOLID_ANGLE_UNIT());
#1950=(LENGTH_UNIT()NAMED_UNIT(*)SI_UNIT(.MILLI.,.METRE.));
#1951=UNCERTAINTY_MEASURE_WITH_UNIT(LENGTH_MEASURE(1.000000E-03),#1950,'DISTANCE_ACCURACY_VALUE','Maximum Tolerance applied to model');
#1952=(GEOMETRIC_REPRESENTATION_CONTEXT(3)GLOBAL_UNCERTAINTY_ASSIGNED_CONTEXT((#1951))GLOBAL_UNIT_ASSIGNED_CONTEXT((#1950,#1947,#1949))REPRESENTATION_CONTEXT('','EC11'));
#1964=CARTESIAN_POINT('',(0.,0.,0.));
#1965=DIRECTION('',(0.,0.,1.));
#1966=DIRECTION('',(1.,0.,-0.));
#1967=AXIS2_PLACEMENT_3D('',#1964,#1965,#1966);
#1968=ITEM_DEFINED_TRANSFORMATION('','',#1967,#15);
#1969=(REPRESENTATION_RELATIONSHIP('','',#1954,#1149)REPRESENTATION_RELATIONSHIP_WITH_TRANSFORMATION(#1968)SHAPE_REPRESENTATION_RELATIONSHIP());
#1970=NEXT_ASSEMBLY_USAGE_OCCURRENCE('EC11_35','EC11','EC11',#1158,#1963,$);
#1971=PRODUCT_DEFINITION_SHAPE('','',#1970);
#1972=CONTEXT_DEPENDENT_SHAPE_REPRESENTATION(#1969,#1971);
#1954=SHAPE_REPRESENTATION('EC11',(#15),#1952);
#1973=CARTESIAN_POINT('',(0.,0.,0.));
#1974=DIRECTION('',(0.,0.,1.));
#1975=DIRECTION('',(1.,0.,0.));
#1976=AXIS2_PLACEMENT_3D('',#1973,#1974,#1975);
#1978=MAPPED_ITEM('',#1977,#1976);
#1977=REPRESENTATION_MAP(#1976,#1954);
#1962=PRODUCT('EC11','EC11','',(#756));
#1979=PRODUCT_RELATED_PRODUCT_CATEGORY('part','',(#1962));
#1980=PRODUCT_DEFINITION_FORMATION_WITH_SPECIFIED_SOURCE('','',#1962,.NOT_KNOWN.);
#1963=PRODUCT_DEFINITION('design','',#1980,#757);
#1961=PRODUCT_DEFINITION_SHAPE('','',#1963);
#1981=SHAPE_DEFINITION_REPRESENTATION(#1961,#1954);
#1953=DRAUGHTING_MODEL('',(#1978),#1952);
#1982=(NAMED_UNIT(*)PLANE_ANGLE_UNIT()SI_UNIT($,.RADIAN.));
#1983=PLANE_ANGLE_MEASURE_WITH_UNIT(PLANE_ANGLE_MEASURE(0.0174532925),#1982);
#1984=(CONVERSION_BASED_UNIT('DEGREE',#1983)NAMED_UNIT(#1985)PLANE_ANGLE_UNIT());
#1985=DIMENSIONAL_EXPONENTS(0.,0.,0.,0.,0.,0.,0.);
#1986=(NAMED_UNIT(*)SI_UNIT($,.STERADIAN.)SOLID_ANGLE_UNIT());
#1987=(LENGTH_UNIT()NAMED_UNIT(*)SI_UNIT(.MILLI.,.METRE.));
#1988=UNCERTAINTY_MEASURE_WITH_UNIT(LENGTH_MEASURE(1.000000E-03),#1987,'DISTANCE_ACCURACY_VALUE','Maximum Tolerance applied to model');
#1989=(GEOMETRIC_REPRESENTATION_CONTEXT(3)GLOBAL_UNCERTAINTY_ASSIGNED_CONTEXT((#1988))GLOBAL_UNIT_ASSIGNED_CONTEXT((#1987,#1984,#1986))REPRESENTATION_CONTEXT('','MX_PCB'));
#2001=CARTESIAN_POINT('',(0.,0.,0.));
#2002=DIRECTION('',(0.,0.,1.));
#2003=DIRECTION('',(1.,0.,-0.));
#2004=AXIS2_PLACEMENT_3D('',#2001,#2002,#2003);
#2005=ITEM_DEFINED_TRANSFORMATION('','',#2004,#15);
#2006=(REPRESENTATION_RELATIONSHIP('','',#1991,#1149)REPRESENTATION_RELATIONSHIP_WITH_TRANSFORMATION(#2005)SHAPE_REPRESENTATION_RELATIONSHIP());
#2007=NEXT_ASSEMBLY_USAGE_OCCURRENCE('MX_PCB_36','MX_PCB','MX_PCB',#1158,#2000,$);
#2008=PRODUCT_DEFINITION_SHAPE('','',#2007);
#2009=CONTEXT_DEPENDENT_SHAPE_REPRESENTATION(#2006,#2008);
#1991=SHAPE_REPRESENTATION('MX_PCB',(#15),#1989);
#2010=CARTESIAN_POINT('',(0.,0.,0.));
#2011=DIRECTION('',(0.,0.,1.));
#2012=DIRECTION('',(1.,0.,0.));
#2013=AXIS2_PLACEMENT_3D('',#2010,#2011,#2012);
#2015=MAPPED_ITEM('',#2014,#2013);
#2014=REPRESENTATION_MAP(#2013,#1991);
#1999=PRODUCT('MX_PCB','MX_PCB','',(#756));
#2016=PRODUCT_RELATED_PRODUCT_CATEGORY('part','',(#1999));
#2017=PRODUCT_DEFINITION_FORMATION_WITH_SPECIFIED_SOURCE('','',#1999,.NOT_KNOWN.);
#2000=PRODUCT_DEFINITION('design','',#2017,#757);
#1998=PRODUCT_DEFINITION_SHAPE('','',#2000);
#2018=SHAPE_DEFINITION_REPRESENTATION(#1998,#1991);
#1990=DRAUGHTING_MODEL('',(#2015),#1989);
#2019=(NAMED_UNIT(*)PLANE_ANGLE_UNIT()SI_UNIT($,.RADIAN.));
#2020=PLANE_ANGLE_MEASURE_WITH_UNIT(PLANE_ANGLE_MEASURE(0.0174532925),#2019);
#2021=(CONVERSION_BASED_UNIT('DEGREE',#2020)NAMED_UNIT(#2022)PLANE_ANGLE_UNIT());
#2022=DIMENSIONAL_EXPONENTS(0.,0.,0.,0.,0.,0.,0.);
#2023=(NAMED_UNIT(*)SI_UNIT($,.STERADIAN.)SOLID_ANGLE_UNIT());
#2024=(LENGTH_UNIT()NAMED_UNIT(*)SI_UNIT(.MILLI.,.METRE.));
#2025=UNCERTAINTY_MEASURE_WITH_UNIT(LENGTH_MEASURE(1.000000E-03),#2024,'DISTANCE_ACCURACY_VALUE','Maximum Tolerance applied to model');
#2026=(GEOMETRIC_REPRESENTATION_CONTEXT(3)GLOBAL_UNCERTAINTY_ASSIGNED_CONTEXT((#2025))GLOBAL_UNIT_ASSIGNED_CONTEXT((#2024,#2021,#2023))REPRESENTATION_CONTEXT('','MX_PCB'));
#2038=CARTESIAN_POINT('',(0.,0.,0.));
#2039=DIRECTION('',(0.,0.,1.));
#2040=DIRECTION('',(1.,0.,-0.));
#2041=AXIS2_PLACEMENT_3D('',#2038,#2039,#2040);
#2042=ITEM_DEFINED_TRANSFORMATION('','',#2041,#15);
#2043=(REPRESENTATION_RELATIONSHIP('','',#2028,#1149)REPRESENTATION_RELATIONSHIP_WITH_TRANSFORMATION(#2042)SHAPE_REPRESENTATION_RELATIONSHIP());
#2044=NEXT_ASSEMBLY_USAGE_OCCURRENCE('MX_PCB_37','MX_PCB','MX_PCB',#1158,#2037,$);
#2045=PRODUCT_DEFINITION_SHAPE('','',#2044);
#2046=CONTEXT_DEPENDENT_SHAPE_REPRESENTATION(#2043,#2045);
#2028=SHAPE_REPRESENTATION('MX_PCB',(#15),#2026);
#2047=CARTESIAN_POINT('',(0.,0.,0.));
#2048=DIRECTION('',(0.,0.,1.));
#2049=DIRECTION('',(1.,0.,0.));
#2050=AXIS2_PLACEMENT_3D('',#2047,#2048,#2049);
#2052=MAPPED_ITEM('',#2051,#2050);
#2051=REPRESENTATION_MAP(#2050,#2028);
#2036=PRODUCT('MX_PCB','MX_PCB','',(#756));
#2053=PRODUCT_RELATED_PRODUCT_CATEGORY('part','',(#2036));
#2054=PRODUCT_DEFINITION_FORMATION_WITH_SPECIFIED_SOURCE('','',#2036,.NOT_KNOWN.);
#2037=PRODUCT_DEFINITION('design','',#2054,#757);
#2035=PRODUCT_DEFINITION_SHAPE('','',#2037);
#2055=SHAPE_DEFINITION_REPRESENTATION(#2035,#2028);
#2027=DRAUGHTING_MODEL('',(#2052),#2026);
#2056=(NAMED_UNIT(*)PLANE_ANGLE_UNIT()SI_UNIT($,.RADIAN.));
#2057=PLANE_ANGLE_MEASURE_WITH_UNIT(PLANE_ANGLE_MEASURE(0.0174532925),#2056);
#2058=(CONVERSION_BASED_UNIT('DEGREE',#2057)NAMED_UNIT(#2059)PLANE_ANGLE_UNIT());
#2059=DIMENSIONAL_EXPONENTS(0.,0.,0.,0.,0.,0.,0.);
#2060=(NAMED_UNIT(*)SI_UNIT($,.STERADIAN.)SOLID_ANGLE_UNIT());
#2061=(LENGTH_UNIT()NAMED_UNIT(*)SI_UNIT(.MILLI.,.METRE.));
#2062=UNCERTAINTY_MEASURE_WITH_UNIT(LENGTH_MEASURE(1.000000E-03),#2061,'DISTANCE_ACCURACY_VALUE','Maximum Tolerance applied to model');
#2063=(GEOMETRIC_REPRESENTATION_CONTEXT(3)GLOBAL_UNCERTAINTY_ASSIGNED_CONTEXT((#2062))GLOBAL_UNIT_ASSIGNED_CONTEXT((#2061,#2058,#2060))REPRESENTATION_CONTEXT('','Diode_DO-35'));
#2075=CARTESIAN_POINT('',(0.,0.,0.));
#2076=DIRECTION('',(0.,0.,1.));
#2077=DIRECTION('',(1.,0.,-0.));
#2078=AXIS2_PLACEMENT_3D('',#2075,#2076,#2077);
#2079=ITEM_DEFINED_TRANSFORMATION('','',#2078,#15);
#2080=(REPRESENTATION_RELATIONSHIP('','',#2065,#1149)REPRESENTATION_RELATIONSHIP_WITH_TRANSFORMATION(#2079)SHAPE_REPRESENTATION_RELATIONSHIP());
#2081=NEXT_ASSEMBLY_USAGE_OCCURRENCE('Diode_DO-35_38','Diode_DO-35','Diode_DO-35',#1158,#2074,$);
#2082=PRODUCT_DEFINITION_SHAPE('','',#2081);
#2083=CONTEXT_DEPENDENT_SHAPE_REPRESENTATION(#2080,#2082);
#2065=SHAPE_REPRESENTATION('Diode_DO-35',(#15),#2063);
#2084=CARTESIAN_POINT('',(0.,0.,0.));
#2085=DIRECTION('',(0.,0.,1.));
#2086=DIRECTION('',(1.,0.,0.));
#2087=AXIS2_PLACEMENT_3D('',#2084,#2085,#2086);
#2089=MAPPED_ITEM('',#2088,#2087);
#2088=REPRESENTATION_MAP(#2087,#2065);
#2073=PRODUCT('Diode_DO-35','Diode_DO-35','',(#756));
#2090=PRODUCT_RELATED_PRODUCT_CATEGORY('part','',(#2073));
#2091=PRODUCT_DEFINITION_FORMATION_WITH_SPECIFIED_SOURCE('','',#2073,.NOT_KNOWN.);
#2074=PRODUCT_DEFINITION('design','',#2091,#757);
#2072=PRODUCT_DEFINITION_SHAPE('','',#2074);
#2092=SHAPE_DEFINITION_REPRESENTATION(#2072,#2065);
#2064=DRAUGHTING_MODEL('',(#2089),#2063);
#2093=(NAMED_UNIT(*)PLANE_ANGLE_UNIT()SI_UNIT($,.RADIAN.));
#2094=PLANE_ANGLE_MEASURE_WITH_UNIT(PLANE_ANGLE_MEASURE(0.0174532925),#2093);
#2095=(CONVERSION_BASED_UNIT('DEGREE',#2094)NAMED_UNIT(#2096)PLANE_ANGLE_UNIT());
#2096=DIMENSIONAL_EXPONENTS(0.,0.,0.,0.,0.,0.,0.);
#2097=(NAMED_UNIT(*)SI_UNIT($,.STERADIAN.)SOLID_ANGLE_UNIT());
#2098=(LENGTH_UNIT()NAMED_UNIT(*)SI_UNIT(.MILLI.,.METRE.));
#2099=UNCERTAINTY_MEASURE_WITH_UNIT(LENGTH_MEASURE(1.000000E-03),#2098,'DISTANCE_ACCURACY_VALUE','Maximum Tolerance applied to model');
#2100=(GEOMETRIC_REPRESENTATION_CONTEXT(3)GLOBAL_UNCERTAINTY_ASSIGNED_CONTEXT((#2099))GLOBAL_UNIT_ASSIGNED_CONTEXT((#2098,#2095,#2097))REPRESENTATION_CONTEXT('','Diode_DO-35'));
#2112=CARTESIAN_POINT('',(0.,0.,0.));
#2113=DIRECTION('',(0.,0.,1.));
#2114=DIRECTION('',(1.,0.,-0.));
#2115=AXIS2_PLACEMENT_3D('',#2112,#2113,#2114);
#2116=ITEM_DEFINED_TRANSFORMATION('','',#2115,#15);
#2117=(REPRESENTATION_RELATIONSHIP('','',#2102,#1149)REPRESENTATION_RELATIONSHIP_WITH_TRANSFORMATION(#2116)SHAPE_REPRESENTATION_RELATIONSHIP());
#2118=NEXT_ASSEMBLY_USAGE_OCCURRENCE('Diode_DO-35_39','Diode_DO-35','Diode_DO-35',#1158,#2111,$);
#2119=PRODUCT_DEFINITION_SHAPE('','',#2118);
#2120=CONTEXT_DEPENDENT_SHAPE_REPRESENTATION(#2117,#2119);
#2102=SHAPE_REPRESENTATION('Diode_DO-35',(#15),#2100);
#2121=CARTESIAN_POINT('',(0.,0.,0.));
#2122=DIRECTION('',(0.,0.,1.));
#2123=DIRECTION('',(1.,0.,0.));
#2124=AXIS2_PLACEMENT_3D('',#2121,#2122,#2123);
#2126=MAPPED_ITEM('',#2125,#2124);
#2125=REPRESENTATION_MAP(#2124,#2102);
#2110=PRODUCT('Diode_DO-35','Diode_DO-35','',(#756));
#2127=PRODUCT_RELATED_PRODUCT_CATEGORY('part','',(#2110));
#2128=PRODUCT_DEFINITION_FORMATION_WITH_SPECIFIED_SOURCE('','',#2110,.NOT_KNOWN.);
#2111=PRODUCT_DEFINITION('design','',#2128,#757);
#2109=PRODUCT_DEFINITION_SHAPE('','',#2111);
#2129=SHAPE_DEFINITION_REPRESENTATION(#2109,#2102);
#2101=DRAUGHTING_MODEL('',(#2126),#2100);
#2130=(NAMED_UNIT(*)PLANE_ANGLE_UNIT()SI_UNIT($,.RADIAN.));
#2131=PLANE_ANGLE_MEASURE_WITH_UNIT(PLANE_ANGLE_MEASURE(0.0174532925),#2130);
#2132=(CONVERSION_BASED_UNIT('DEGREE',#2131)NAMED_UNIT(#2133)PLANE_ANGLE_UNIT());
#2133=DIMENSIONAL_EXPONENTS(0.,0.,0.,0.,0.,0.,0.);
#2134=(NAMED_UNIT(*)SI_UNIT($,.STERADIAN.)SOLID_ANGLE_UNIT());
#2135=(LENGTH_UNIT()NAMED_UNIT(*)SI_UNIT(.MILLI.,.METRE.));
#2136=UNCERTAINTY_MEASURE_WITH_UNIT(LENGTH_MEASURE(1.000000E-03),#2135,'DISTANCE_ACCURACY_VALUE','Maximum Tolerance applied to model');
#2137=(GEOMETRIC_REPRESENTATION_CONTEXT(3)GLOBAL_UNCERTAINTY_ASSIGNED_CONTEXT((#2136))GLOBAL_UNIT_ASSIGNED_CONTEXT((#2135,#2132,#2134))REPRESENTATION_CONTEXT('','Diode_DO-35'));
#2149=CARTESIAN_POINT('',(0.,0.,0.));
#2150=DIRECTION('',(0.,0.,1.));
#2151=DIRECTION('',(1.,0.,-0.));
#2152=AXIS2_PLACEMENT_3D('',#2149,#2150,#2151);
#2153=ITEM_DEFINED_TRANSFORMATION('','',#2152,#15);
#2154=(REPRESENTATION_RELATIONSHIP('','',#2139,#1149)REPRESENTATION_RELATIONSHIP_WITH_TRANSFORMATION(#2153)SHAPE_REPRESENTATION_RELATIONSHIP());
#2155=NEXT_ASSEMBLY_USAGE_OCCURRENCE('Diode_DO-35_40','Diode_DO-35','Diode_DO-35',#1158,#2148,$);
#2156=PRODUCT_DEFINITION_SHAPE('','',#2155);
#2157=CONTEXT_DEPENDENT_SHAPE_REPRESENTATION(#2154,#2156);
#2139=SHAPE_REPRESENTATION('Diode_DO-35',(#15),#2137);
#2158=CARTESIAN_POINT('',(0.,0.,0.));
#2159=DIRECTION('',(0.,0.,1.));
#2160=DIRECTION('',(1.,0.,0.));
#2161=AXIS2_PLACEMENT_3D('',#2158,#2159,#2160);
#2163=MAPPED_ITEM('',#2162,#2161);
#2162=REPRESENTATION_MAP(#2161,#2139);
#2147=PRODUCT('Diode_DO-35','Diode_DO-35','',(#756));
#2164=PRODUCT_RELATED_PRODUCT_CATEGORY('part','',(#2147));
#2165=PRODUCT_DEFINITION_FORMATION_WITH_SPECIFIED_SOURCE('','',#2147,.NOT_KNOWN.);
#2148=PRODUCT_DEFINITION('design','',#2165,#757);
#2146=PRODUCT_DEFINITION_SHAPE('','',#2148);
#2166=SHAPE_DEFINITION_REPRESENTATION(#2146,#2139);
#2138=DRAUGHTING_MODEL('',(#2163),#2137);
#2167=(NAMED_UNIT(*)PLANE_ANGLE_UNIT()SI_UNIT($,.RADIAN.));
#2168=PLANE_ANGLE_MEASURE_WITH_UNIT(PLANE_ANGLE_MEASURE(0.0174532925),#2167);
#2169=(CONVERSION_BASED_UNIT('DEGREE',#2168)NAMED_UNIT(#2170)PLANE_ANGLE_UNIT());
#2170=DIMENSIONAL_EXPONENTS(0.,0.,0.,0.,0.,0.,0.);
#2171=(NAMED_UNIT(*)SI_UNIT($,.STERADIAN.)SOLID_ANGLE_UNIT());
#2172=(LENGTH_UNIT()NAMED_UNIT(*)SI_UNIT(.MILLI.,.METRE.));
#2173=UNCERTAINTY_MEASURE_WITH_UNIT(LENGTH_MEASURE(1.000000E-03),#2172,'DISTANCE_ACCURACY_VALUE','Maximum Tolerance applied to model');
#2174=(GEOMETRIC_REPRESENTATION_CONTEXT(3)GLOBAL_UNCERTAINTY_ASSIGNED_CONTEXT((#2173))GLOBAL_UNIT_ASSIGNED_CONTEXT((#2172,#2169,#2171))REPRESENTATION_CONTEXT('','Diode_DO-35'));
#2186=CARTESIAN_POINT('',(0.,0.,0.));
#2187=DIRECTION('',(0.,0.,1.));
#2188=DIRECTION('',(1.,0.,-0.));
#2189=AXIS2_PLACEMENT_3D('',#2186,#2187,#2188);
#2190=ITEM_DEFINED_TRANSFORMATION('','',#2189,#15);
#2191=(REPRESENTATION_RELATIONSHIP('','',#2176,#1149)REPRESENTATION_RELATIONSHIP_WITH_TRANSFORMATION(#2190)SHAPE_REPRESENTATION_RELATIONSHIP());
#2192=NEXT_ASSEMBLY_USAGE_OCCURRENCE('Diode_DO-35_41','Diode_DO-35','Diode_DO-35',#1158,#2185,$);
#2193=PRODUCT_DEFINITION_SHAPE('','',#2192);
#2194=CONTEXT_DEPENDENT_SHAPE_REPRESENTATION(#2191,#2193);
#2176=SHAPE_REPRESENTATION('Diode_DO-35',(#15),#2174);
#2195=CARTESIAN_POINT('',(0.,0.,0.));
#2196=DIRECTION('',(0.,0.,1.));
#2197=DIRECTION('',(1.,0.,0.));
#2198=AXIS2_PLACEMENT_3D('',#2195,#2196,#2197);
#2200=MAPPED_ITEM('',#2199,#2198);
#2199=REPRESENTATION_MAP(#2198,#2176);
#2184=PRODUCT('Diode_DO-35','Diode_DO-35','',(#756));
#2201=PRODUCT_RELATED_PRODUCT_CATEGORY('part','',(#2184));
#2202=PRODUCT_DEFINITION_FORMATION_WITH_SPECIFIED_SOURCE('','',#2184,.NOT_KNOWN.);
#2185=PRODUCT_DEFINITION('design','',#2202,#757);
#2183=PRODUCT_DEFINITION_SHAPE('','',#2185);
#2203=SHAPE_DEFINITION_REPRESENTATION(#2183,#2176);
#2175=DRAUGHTING_MODEL('',(#2200),#2174);
#2204=(NAMED_UNIT(*)PLANE_ANGLE_UNIT()SI_UNIT($,.RADIAN.));
#2205=PLANE_ANGLE_MEASURE_WITH_UNIT(PLANE_ANGLE_MEASURE(0.0174532925),#2204);
#2206=(CONVERSION_BASED_UNIT('DEGREE',#2205)NAMED_UNIT(#2207)PLANE_ANGLE_UNIT());
#2207=DIMENSIONAL_EXPONENTS(0.,0.,0.,0.,0.,0.,0.);
#2208=(NAMED_UNIT(*)SI_UNIT($,.STERADIAN.)SOLID_ANGLE_UNIT());
#2209=(LENGTH_UNIT()NAMED_UNIT(*)SI_UNIT(.MILLI.,.METRE.));
#2210=UNCERTAINTY_MEASURE_WITH_UNIT(LENGTH_MEASURE(1.000000E-03),#2209,'DISTANCE_ACCURACY_VALUE','Maximum Tolerance applied to model');
#2211=(GEOMETRIC_REPRESENTATION_CONTEXT(3)GLOBAL_UNCERTAINTY_ASSIGNED_CONTEXT((#2210))GLOBAL_UNIT_ASSIGNED_CONTEXT((#2209,#2206,#2208))REPRESENTATION_CONTEXT('','Diode_DO-35'));
#2223=CARTESIAN_POINT('',(0.,0.,0.));
#2224=DIRECTION('',(0.,0.,1.));
#2225=DIRECTION('',(1.,0.,-0.));
#2226=AXIS2_PLACEMENT_3D('',#2223,#2224,#2225);
#2227=ITEM_DEFINED_TRANSFORMATION('','',#2226,#15);
#2228=(REPRESENTATION_RELATIONSHIP('','',#2213,#1149)REPRESENTATION_RELATIONSHIP_WITH_TRANSFORMATION(#2227)SHAPE_REPRESENTATION_RELATIONSHIP());
#2229=NEXT_ASSEMBLY_USAGE_OCCURRENCE('Diode_DO-35_42','Diode_DO-35','Diode_DO-35',#1158,#2222,$);
#2230=PRODUCT_DEFINITION_SHAPE('','',#2229);
#2231=CONTEXT_DEPENDENT_SHAPE_REPRESENTATION(#2228,#2230);
#2213=SHAPE_REPRESENTATION('Diode_DO-35',(#15),#2211);
#2232=CARTESIAN_POINT('',(0.,0.,0.));
#2233=DIRECTION('',(0.,0.,1.));
#2234=DIRECTION('',(1.,0.,0.));
#2235=AXIS2_PLACEMENT_3D('',#2232,#2233,#2234);
#2237=MAPPED_ITEM('',#2236,#2235);
#2236=REPRESENTATION_MAP(#2235,#2213);
#2221=PRODUCT('Diode_DO-35','Diode_DO-35','',(#756));
#2238=PRODUCT_RELATED_PRODUCT_CATEGORY('part','',(#2221));
#2239=PRODUCT_DEFINITION_FORMATION_WITH_SPECIFIED_SOURCE('','',#2221,.NOT_KNOWN.);
#2222=PRODUCT_DEFINITION('design','',#2239,#757);
#2220=PRODUCT_DEFINITION_SHAPE('','',#2222);
#2240=SHAPE_DEFINITION_REPRESENTATION(#2220,#2213);
#2212=DRAUGHTING_MODEL('',(#2237),#2211);
#2241=(NAMED_UNIT(*)PLANE_ANGLE_UNIT()SI_UNIT($,.RADIAN.));
#2242=PLANE_ANGLE_MEASURE_WITH_UNIT(PLANE_ANGLE_MEASURE(0.0174532925),#2241);
#2243=(CONVERSION_BASED_UNIT('DEGREE',#2242)NAMED_UNIT(#2244)PLANE_ANGLE_UNIT());
#2244=DIMENSIONAL_EXPONENTS(0.,0.,0.,0.,0.,0.,0.);
#2245=(NAMED_UNIT(*)SI_UNIT($,.STERADIAN.)SOLID_ANGLE_UNIT());
#2246=(LENGTH_UNIT()NAMED_UNIT(*)SI_UNIT(.MILLI.,.METRE.));
#2247=UNCERTAINTY_MEASURE_WITH_UNIT(LENGTH_MEASURE(1.000000E-03),#2246,'DISTANCE_ACCURACY_VALUE','Maximum Tolerance applied to model');
#2248=(GEOMETRIC_REPRESENTATION_CONTEXT(3)GLOBAL_UNCERTAINTY_ASSIGNED_CONTEXT((#2247))GLOBAL_UNIT_ASSIGNED_CONTEXT((#2246,#2243,#2245))REPRESENTATION_CONTEXT('','Diode_DO-35'));
#2260=CARTESIAN_POINT('',(0.,0.,0.));
#2261=DIRECTION('',(0.,0.,1.));
#2262=DIRECTION('',(1.,0.,-0.));
#2263=AXIS2_PLACEMENT_3D('',#2260,#2261,#2262);
#2264=ITEM_DEFINED_TRANSFORMATION('','',#2263,#15);
#2265=(REPRESENTATION_RELATIONSHIP('','',#2250,#1149)REPRESENTATION_RELATIONSHIP_WITH_TRANSFORMATION(#2264)SHAPE_REPRESENTATION_RELATIONSHIP());
#2266=NEXT_ASSEMBLY_USAGE_OCCURRENCE('Diode_DO-35_43','Diode_DO-35','Diode_DO-35',#1158,#2259,$);
#2267=PRODUCT_DEFINITION_SHAPE('','',#2266);
#2268=CONTEXT_DEPENDENT_SHAPE_REPRESENTATION(#2265,#2267);
#2250=SHAPE_REPRESENTATION('Diode_DO-35',(#15),#2248);
#2269=CARTESIAN_POINT('',(0.,0.,0.));
#2270=DIRECTION('',(0.,0.,1.));
#2271=DIRECTION('',(1.,0.,0.));
#2272=AXIS2_PLACEMENT_3D('',#2269,#2270,#2271);
#2274=MAPPED_ITEM('',#2273,#2272);
#2273=REPRESENTATION_MAP(#2272,#2250);
#2258=PRODUCT('Diode_DO-35','Diode_DO-35','',(#756));
#2275=PRODUCT_RELATED_PRODUCT_CATEGORY('part','',(#2258));
#2276=PRODUCT_DEFINITION_FORMATION_WITH_SPECIFIED_SOURCE('','',#2258,.NOT_KNOWN.);
#2259=PRODUCT_DEFINITION('design','',#2276,#757);
#2257=PRODUCT_DEFINITION_SHAPE('','',#2259);
#2277=SHAPE_DEFINITION_REPRESENTATION(#2257,#2250);
#2249=DRAUGHTING_MODEL('',(#2274),#2248);
#2278=(NAMED_UNIT(*)PLANE_ANGLE_UNIT()SI_UNIT($,.RADIAN.));
#2279=PLANE_ANGLE_MEASURE_WITH_UNIT(PLANE_ANGLE_MEASURE(0.0174532925),#2278);
#2280=(CONVERSION_BASED_UNIT('DEGREE',#2279)NAMED_UNIT(#2281)PLANE_ANGLE_UNIT());
#2281=DIMENSIONAL_EXPONENTS(0.,0.,0.,0.,0.,0.,0.);
#2282=(NAMED_UNIT(*)SI_UNIT($,.STERADIAN.)SOLID_ANGLE_UNIT());
#2283=(LENGTH_UNIT()NAMED_UNIT(*)SI_UNIT(.MILLI.,.METRE.));
#2284=UNCERTAINTY_MEASURE_WITH_UNIT(LENGTH_MEASURE(1.000000E-03),#2283,'DISTANCE_ACCURACY_VALUE','Maximum Tolerance applied to model');
#2285=(GEOMETRIC_REPRESENTATION_CONTEXT(3)GLOBAL_UNCERTAINTY_ASSIGNED_CONTEXT((#2284))GLOBAL_UNIT_ASSIGNED_CONTEXT((#2283,#2280,#2282))REPRESENTATION_CONTEXT('','Seeed_XIAO_RP2040'));
#2297=CARTESIAN_POINT('',(0.,0.,0.));
#2298=DIRECTION('',(0.,0.,1.));
#2299=DIRECTION('',(1.,0.,-0.));
#2300=AXIS2_PLACEMENT_3D('',#2297,#2298,#2299);
#2301=ITEM_DEFINED_TRANSFORMATION('','',#2300,#15);
#2302=(REPRESENTATION_RELATIONSHIP('','',#2287,#1149)REPRESENTATION_RELATIONSHIP_WITH_TRANSFORMATION(#2301)SHAPE_REPRESENTATION_RELATIONSHIP());
#2303=NEXT_ASSEMBLY_USAGE_OCCURRENCE('Seeed_XIAO_RP2040_44','Seeed_XIAO_RP2040','Seeed_XIAO_RP2040',#1158,#2296,$);
#2304=PRODUCT_DEFINITION_SHAPE('','',#2303);
#2305=CONTEXT_DEPENDENT_SHAPE_REPRESENTATION(#2302,#2304);
#2287=SHAPE_REPRESENTATION('Seeed_XIAO_RP2040',(#15),#2285);
#2306=CARTESIAN_POINT('',(0.,0.,0.));
#2307=DIRECTION('',(0.,0.,1.));
#2308=DIRECTION('',(1.,0.,0.));
#2309=AXIS2_PLACEMENT_3D('',#2306,#2307,#2308);
#2311=MAPPED_ITEM('',#2310,#2309);
#2310=REPRESENTATION_MAP(#2309,#2287);
#2295=PRODUCT('Seeed_XIAO_RP2040','Seeed_XIAO_RP2040','',(#756));
#2312=PRODUCT_RELATED_PRODUCT_CATEGORY('part','',(#2295));
#2313=PRODUCT_DEFINITION_FORMATION_WITH_SPECIFIED_SOURCE('','',#2295,.NOT_KNOWN.);
#2296=PRODUCT_DEFINITION('design','',#2313,#757);
#2294=PRODUCT_DEFINITION_SHAPE('','',#2296);
#2314=SHAPE_DEFINITION_REPRESENTATION(#2294,#2287);
#2286=DRAUGHTING_MODEL('',(#2311),#2285);
#2315=(NAMED_UNIT(*)PLANE_ANGLE_UNIT()SI_UNIT($,.RADIAN.));
#2316=PLANE_ANGLE_MEASURE_WITH_UNIT(PLANE_ANGLE_MEASURE(0.0174532925),#2315);
#2317=(CONVERSION_BASED_UNIT('DEGREE',#2316)NAMED_UNIT(#2318)PLANE_ANGLE_UNIT());
#2318=DIMENSIONAL_EXPONENTS(0.,0.,0.,0.,0.,0.,0.);
#2319=(NAMED_UNIT(*)SI_UNIT($,.STERADIAN.)SOLID_ANGLE_UNIT());
#2320=(LENGTH_UNIT()NAMED_UNIT(*)SI_UNIT(.MILLI.,.METRE.));
#2321=UNCERTAINTY_MEASURE_WITH_UNIT(LENGTH_MEASURE(1.000000E-03),#2320,'DISTANCE_ACCURACY_VALUE','Maximum Tolerance applied to model');
#2322=(GEOMETRIC_REPRESENTATION_CONTEXT(3)GLOBAL_UNCERTAINTY_ASSIGNED_CONTEXT((#2321))GLOBAL_UNIT_ASSIGNED_CONTEXT((#2320,#2317,#2319))REPRESENTATION_CONTEXT('','Stardance macropad_PCB'));
#2334=CARTESIAN_POINT('',(0.,0.,0.));
#2335=DIRECTION('',(0.,0.,1.));
#2336=DIRECTION('',(1.,0.,-0.));
#2337=AXIS2_PLACEMENT_3D('',#2334,#2335,#2336);
#2338=ITEM_DEFINED_TRANSFORMATION('','',#2337,#15);
#2339=(REPRESENTATION_RELATIONSHIP('','',#2324,#1149)REPRESENTATION_RELATIONSHIP_WITH_TRANSFORMATION(#2338)SHAPE_REPRESENTATION_RELATIONSHIP());
#2340=NEXT_ASSEMBLY_USAGE_OCCURRENCE('Stardance macropad_PCB_45','Stardance macropad_PCB','Stardance macropad_PCB',#1158,#2333,$);
#2341=PRODUCT_DEFINITION_SHAPE('','',#2340);
#2342=CONTEXT_DEPENDENT_SHAPE_REPRESENTATION(#2339,#2341);
#2324=SHAPE_REPRESENTATION('Stardance macropad_PCB',(#15),#2322);
#2343=CARTESIAN_POINT('',(0.,0.,0.));
#2344=DIRECTION('',(0.,0.,1.));
#2345=DIRECTION('',(1.,0.,0.));
#2346=AXIS2_PLACEMENT_3D('',#2343,#2344,#2345);
#2348=MAPPED_ITEM('',#2347,#2346);
#2347=REPRESENTATION_MAP(#2346,#2324);
#2332=PRODUCT('Stardance macropad_PCB','Stardance macropad_PCB','',(#756));
#2349=PRODUCT_RELATED_PRODUCT_CATEGORY('part','',(#2332));
#2350=PRODUCT_DEFINITION_FORMATION_WITH_SPECIFIED_SOURCE('','',#2332,.NOT_KNOWN.);
#2333=PRODUCT_DEFINITION('design','',#2350,#757);
#2331=PRODUCT_DEFINITION_SHAPE('','',#2333);
#2351=SHAPE_DEFINITION_REPRESENTATION(#2331,#2324);
#2323=DRAUGHTING_MODEL('',(#2348),#2322);
#1149=SHAPE_REPRESENTATION('.step',(#15,#1190,#1227,#1264,#1301,#1930,#1967,#2004,#2041,#2078,#2115,#2152,#2189,#2226,#2263,#2300,#2337),#1147);
#2352=CARTESIAN_POINT('',(0.,0.,0.));
#2353=DIRECTION('',(0.,0.,1.));
#2354=DIRECTION('',(1.,0.,0.));
#2355=AXIS2_PLACEMENT_3D('',#2352,#2353,#2354);
#2357=MAPPED_ITEM('',#2356,#2355);
#2356=REPRESENTATION_MAP(#2355,#1149);
#1157=PRODUCT('.step','.step','',(#756));
#2358=PRODUCT_RELATED_PRODUCT_CATEGORY('part','',(#1157));
#2359=PRODUCT_DEFINITION_FORMATION_WITH_SPECIFIED_SOURCE('','',#1157,.NOT_KNOWN.);
#1158=PRODUCT_DEFINITION('design','',#2359,#757);
#1156=PRODUCT_DEFINITION_SHAPE('','',#1158);
#2360=SHAPE_DEFINITION_REPRESENTATION(#1156,#1149);
#1148=DRAUGHTING_MODEL('',(#2357),#1147);
#2361=(NAMED_UNIT(*)PLANE_ANGLE_UNIT()SI_UNIT($,.RADIAN.));
#2362=PLANE_ANGLE_MEASURE_WITH_UNIT(PLANE_ANGLE_MEASURE(0.0174532925),#2361);
#2363=(CONVERSION_BASED_UNIT('DEGREE',#2362)NAMED_UNIT(#2364)PLANE_ANGLE_UNIT());
#2364=DIMENSIONAL_EXPONENTS(0.,0.,0.,0.,0.,0.,0.);
#2365=(NAMED_UNIT(*)SI_UNIT($,.STERADIAN.)SOLID_ANGLE_UNIT());
#2366=(LENGTH_UNIT()NAMED_UNIT(*)SI_UNIT(.MILLI.,.METRE.));
#2367=UNCERTAINTY_MEASURE_WITH_UNIT(LENGTH_MEASURE(1.000000E-03),#2366,'DISTANCE_ACCURACY_VALUE','Maximum Tolerance applied to model');
#2368=(GEOMETRIC_REPRESENTATION_CONTEXT(3)GLOBAL_UNCERTAINTY_ASSIGNED_CONTEXT((#2367))GLOBAL_UNIT_ASSIGNED_CONTEXT((#2366,#2363,#2365))REPRESENTATION_CONTEXT('','0ea79a684b4664d49b78a8667e167800f789ac8b_switch'));
#2380=CARTESIAN_POINT('',(0.,0.,0.));
#2381=DIRECTION('',(0.,0.,1.));
#2382=DIRECTION('',(1.,0.,-0.));
#2383=AXIS2_PLACEMENT_3D('',#2380,#2381,#2382);
#2384=ITEM_DEFINED_TRANSFORMATION('','',#2383,#15);
#2385=(REPRESENTATION_RELATIONSHIP('','',#2370,#16)REPRESENTATION_RELATIONSHIP_WITH_TRANSFORMATION(#2384)SHAPE_REPRESENTATION_RELATIONSHIP());
#2386=NEXT_ASSEMBLY_USAGE_OCCURRENCE('0ea79a684b4664d49b78a8667e167800f789ac8b_switch_46','0ea79a684b4664d49b78a8667e167800f789ac8b_switch','0ea79a684b4664d49b78a8667e167800f789ac8b_switch',#25,#2379,$);
#2387=PRODUCT_DEFINITION_SHAPE('','',#2386);
#2388=CONTEXT_DEPENDENT_SHAPE_REPRESENTATION(#2385,#2387);
#2370=SHAPE_REPRESENTATION('0ea79a684b4664d49b78a8667e167800f789ac8b_switch',(#15),#2368);
#2389=CARTESIAN_POINT('',(0.,0.,0.));
#2390=DIRECTION('',(0.,0.,1.));
#2391=DIRECTION('',(1.,0.,0.));
#2392=AXIS2_PLACEMENT_3D('',#2389,#2390,#2391);
#2394=MAPPED_ITEM('',#2393,#2392);
#2393=REPRESENTATION_MAP(#2392,#2370);
#2378=PRODUCT('0ea79a684b4664d49b78a8667e167800f789ac8b_switch','0ea79a684b4664d49b78a8667e167800f789ac8b_switch','',(#756));
#2395=PRODUCT_RELATED_PRODUCT_CATEGORY('part','',(#2378));
#2396=PRODUCT_DEFINITION_FORMATION_WITH_SPECIFIED_SOURCE('','',#2378,.NOT_KNOWN.);
#2379=PRODUCT_DEFINITION('design','',#2396,#757);
#2377=PRODUCT_DEFINITION_SHAPE('','',#2379);
#2397=SHAPE_DEFINITION_REPRESENTATION(#2377,#2370);
#2369=DRAUGHTING_MODEL('',(#2394),#2368);
#16=SHAPE_REPRESENTATION('root',(#15,#714,#1051,#1088,#1125,#1162,#2383),#10);
#17=ADVANCED_BREP_SHAPE_REPRESENTATION('root',(#684),#10);
#2405=SHAPE_REPRESENTATION_RELATIONSHIP('','',#16,#17);
#2406=CARTESIAN_POINT('',(0.,0.,0.));
#2407=DIRECTION('',(0.,0.,1.));
#2408=DIRECTION('',(1.,0.,0.));
#2409=AXIS2_PLACEMENT_3D('',#2406,#2407,#2408);
#2411=MAPPED_ITEM('',#2410,#2409);
#2410=REPRESENTATION_MAP(#2409,#16);
#24=PRODUCT('root','root','',(#756));
#2412=PRODUCT_RELATED_PRODUCT_CATEGORY('part','',(#24));
#2413=PRODUCT_DEFINITION_FORMATION_WITH_SPECIFIED_SOURCE('','',#24,.NOT_KNOWN.);
#25=PRODUCT_DEFINITION('design','',#2413,#757);
#23=PRODUCT_DEFINITION_SHAPE('','',#25);
#2414=SHAPE_DEFINITION_REPRESENTATION(#23,#16);
#11=DRAUGHTING_MODEL('',(#2411),#10);
#2415=DESCRIPTIVE_REPRESENTATION_ITEM('KEY','C:\\Users\\mrkar\\AppData\\Local\\Packages\\Shapr3D.Shapr3D_dvv5p1vgwv6mp\\TempState\\80542400-538d-4138-bcb5-8c92ca21c640.tmp');
#2416=PROPERTY_DEFINITION('KEY','',#25);
#2417=REPRESENTATION('',(#2415),#10);
#2418=PROPERTY_DEFINITION_REPRESENTATION(#2416,#2417);
#2419=GENERAL_PROPERTY('','KEY','');
#2420=GENERAL_PROPERTY_ASSOCIATION('','',#2419,#2416);
#1=MECHANICAL_DESIGN_GEOMETRIC_PRESENTATION_REPRESENTATION('',(#26),#10);
ENDSEC;
END-ISO-10303-21;
